<?xml version="1.0" encoding="utf-8"?>
<?xml-stylesheet type='text/xsl' href='ConversionLogFile.xsl'?>
<LogFile projectName="CPU1212TrainingKit_V21" typeText="Type" messageText="Message" timeText="Time">
  <MessageCell ServiceId="80" MessageId="30" MessageClass="Information" Timestamp="1/24/2026 3:27:52 PM">
    <Number ServiceNumber="80" MessageNumber="30" />
    <Text FeedbackText="Upgrade started" />
    <Help HelpId="-1" />
  </MessageCell>
  <MessageCell ServiceId="80" MessageId="30" MessageClass="Information" Timestamp="1/24/2026 3:27:53 PM">
    <Number ServiceNumber="80" MessageNumber="30" />
    <Text FeedbackText="Project upgraded from Version: 1700.0.4302.1." />
    <Help HelpId="-1" />
  </MessageCell>
  <Details ServiceId="80" MessageId="30" Timestamp="1/24/2026 3:27:55 PM" Debug="false">
    <Text>Reorganization succeed!</Text>
  </Details>
  <MessageCell ServiceId="80" MessageId="30" MessageClass="Information" Timestamp="1/24/2026 3:27:55 PM">
    <Number ServiceNumber="80" MessageNumber="30" />
    <Text FeedbackText="CheckRepair lost+found objects" />
    <Help HelpId="-1" />
  </MessageCell>
  <Details ServiceId="80" MessageId="30" Timestamp="1/24/2026 3:27:59 PM" Debug="false">
    <Text>No error is detected.</Text>
  </Details>
  <MessageCell ServiceId="80" MessageId="30" MessageClass="Information" Timestamp="1/24/2026 3:27:59 PM">
    <Number ServiceNumber="80" MessageNumber="30" />
    <Text FeedbackText="CheckRepair missing bidirectional links" />
    <Help HelpId="-1" />
  </MessageCell>
  <Details ServiceId="80" MessageId="30" Timestamp="1/24/2026 3:28:00 PM" Debug="false">
    <Text>No error is detected.</Text>
  </Details>
  <MessageCell ServiceId="80" MessageId="30" MessageClass="Information" Timestamp="1/24/2026 3:28:00 PM">
    <Number ServiceNumber="80" MessageNumber="30" />
    <Text FeedbackText="CheckRepair clear segment flags" />
    <Help HelpId="-1" />
  </MessageCell>
  <Details ServiceId="80" MessageId="30" Timestamp="1/24/2026 3:28:01 PM" Debug="false">
    <Text>No error is detected.</Text>
  </Details>
  <Details ServiceId="80" MessageId="30" Timestamp="1/24/2026 3:28:25 PM" Debug="false">
    <Text>Will not convert the core object with name: "X1 : PN(LAN)" and ID: "{1052701-11092}" because it is "a TRef".</Text>
  </Details>
  <Details ServiceId="80" MessageId="30" Timestamp="1/24/2026 3:28:25 PM" Debug="false">
    <Text>Will not convert the core object with name: "PROFINET interface_1" and ID: "{1052689-11091}" because it is "a TRef".</Text>
  </Details>
  <Details ServiceId="80" MessageId="30" Timestamp="1/24/2026 3:28:25 PM" Debug="false">
    <Text>Will not convert the core object with name: "cpu1215pn" and ID: "{1052700-11090}" because it is "a TRef".</Text>
  </Details>
  <MessageCell ServiceId="80" MessageId="30" MessageClass="Information" Timestamp="1/24/2026 3:28:29 PM">
    <Number ServiceNumber="80" MessageNumber="30" />
    <Text FeedbackText="C0010:1015 Repair 'Comment' for DeviceDataObject 'S7-1200 station_1'. Comment object had no culture infos." />
    <Help HelpId="-1" />
  </MessageCell>
  <MessageCell ServiceId="80" MessageId="30" MessageClass="Information" Timestamp="1/24/2026 3:28:29 PM">
    <Number ServiceNumber="80" MessageNumber="30" />
    <Text FeedbackText="C0010:1015 Repair 'Comment' for DeviceDataObject 'ktp700pn'. Comment object had no culture infos." />
    <Help HelpId="-1" />
  </MessageCell>
  <MessageCell ServiceId="80" MessageId="30" MessageClass="Information" Timestamp="1/24/2026 3:28:29 PM">
    <Number ServiceNumber="80" MessageNumber="30" />
    <Text FeedbackText="C0010:1015 Repair 'Comment' for DeviceDataObject 'ktp700pn_1'. Comment object had no culture infos." />
    <Help HelpId="-1" />
  </MessageCell>
  <MessageCell ServiceId="80" MessageId="30" MessageClass="Information" Timestamp="1/24/2026 3:28:29 PM">
    <Number ServiceNumber="80" MessageNumber="30" />
    <Text FeedbackText="C0010:1015 Repair 'Comment' for DeviceDataObject 'ktp400'. Comment object had no culture infos." />
    <Help HelpId="-1" />
  </MessageCell>
  <MessageCell ServiceId="80" MessageId="30" MessageClass="Information" Timestamp="1/24/2026 3:28:32 PM">
    <Number ServiceNumber="80" MessageNumber="30" />
    <Text FeedbackText="A user with the required engineering right &quot;Upgrade project&quot; has logged on." />
    <Help HelpId="-1" />
  </MessageCell>
  <MessageCell ServiceId="80" MessageId="30" MessageClass="Information" Timestamp="1/24/2026 3:28:33 PM">
    <Number ServiceNumber="80" MessageNumber="30" />
    <Text FeedbackText="Removing outdated system roles." />
    <Help HelpId="-1" />
  </MessageCell>
  <MessageCell ServiceId="80" MessageId="30" MessageClass="Information" Timestamp="1/24/2026 3:28:33 PM">
    <Number ServiceNumber="80" MessageNumber="30" />
    <Text FeedbackText="The removal of outdated system roles has finished." />
    <Help HelpId="-1" />
  </MessageCell>
  <MessageCell ServiceId="80" MessageId="30" MessageClass="Information" Timestamp="1/24/2026 3:28:33 PM">
    <Number ServiceNumber="80" MessageNumber="30" />
    <Text FeedbackText="Engineering rights that are no longer supported are deleted." />
    <Help HelpId="-1" />
  </MessageCell>
  <MessageCell ServiceId="80" MessageId="30" MessageClass="Information" Timestamp="1/24/2026 3:28:33 PM">
    <Number ServiceNumber="80" MessageNumber="30" />
    <Text FeedbackText="Engineering rights that are no longer supported were deleted." />
    <Help HelpId="-1" />
  </MessageCell>
  <MessageCell ServiceId="80" MessageId="30" MessageClass="Information" Timestamp="1/24/2026 3:28:33 PM">
    <Number ServiceNumber="80" MessageNumber="30" />
    <Text FeedbackText="System-defined runtime rights are deleted." />
    <Help HelpId="-1" />
  </MessageCell>
  <MessageCell ServiceId="80" MessageId="30" MessageClass="Information" Timestamp="1/24/2026 3:28:33 PM">
    <Number ServiceNumber="80" MessageNumber="30" />
    <Text FeedbackText="Deletion of system runtime rights was completed." />
    <Help HelpId="-1" />
  </MessageCell>
  <MessageCell ServiceId="80" MessageId="30" MessageClass="Information" Timestamp="1/24/2026 3:28:33 PM">
    <Number ServiceNumber="80" MessageNumber="30" />
    <Text FeedbackText="Starting changing of the link between DFR and DFRSet" />
    <Help HelpId="-1" />
  </MessageCell>
  <MessageCell ServiceId="80" MessageId="30" MessageClass="Information" Timestamp="1/24/2026 3:28:33 PM">
    <Number ServiceNumber="80" MessageNumber="30" />
    <Text FeedbackText="Finished change link between DFR and DFRSet" />
    <Help HelpId="-1" />
  </MessageCell>
  <MessageCell ServiceId="80" MessageId="30" MessageClass="Information" Timestamp="1/24/2026 3:28:33 PM">
    <Number ServiceNumber="80" MessageNumber="30" />
    <Text FeedbackText="Starting data conversion workflow for umac entities i.e. System Role, EFR &amp; DFR" />
    <Help HelpId="-1" />
  </MessageCell>
  <MessageCell ServiceId="80" MessageId="30" MessageClass="Information" Timestamp="1/24/2026 3:28:33 PM">
    <Number ServiceNumber="80" MessageNumber="30" />
    <Text FeedbackText="Starting data conversion workflow for Data DfrSet" />
    <Help HelpId="-1" />
  </MessageCell>
  <MessageCell ServiceId="80" MessageId="30" MessageClass="Information" Timestamp="1/24/2026 3:28:33 PM">
    <Number ServiceNumber="80" MessageNumber="30" />
    <Text FeedbackText="Finished data conversion workflow for Data DfrSet" />
    <Help HelpId="-1" />
  </MessageCell>
  <MessageCell ServiceId="80" MessageId="30" MessageClass="Information" Timestamp="1/24/2026 3:28:33 PM">
    <Number ServiceNumber="80" MessageNumber="30" />
    <Text FeedbackText="Finished data conversion workflow for umac entities i.e. System Role, EFR &amp; DFR" />
    <Help HelpId="-1" />
  </MessageCell>
  <MessageCell ServiceId="80" MessageId="30" MessageClass="Information" Timestamp="1/24/2026 3:28:33 PM">
    <Number ServiceNumber="80" MessageNumber="30" />
    <Text FeedbackText="Data conversion workflow for password hash started" />
    <Help HelpId="-1" />
  </MessageCell>
  <MessageCell ServiceId="80" MessageId="30" MessageClass="Information" Timestamp="1/24/2026 3:28:33 PM">
    <Number ServiceNumber="80" MessageNumber="30" />
    <Text FeedbackText="Data conversion workflow for password hash completed" />
    <Help HelpId="-1" />
  </MessageCell>
  <Details ServiceId="80" MessageId="30" Timestamp="1/24/2026 3:28:35 PM" Debug="false">
    <Text>HmiConvert: Started conversion section.</Text>
  </Details>
  <Details ServiceId="80" MessageId="30" Timestamp="1/24/2026 3:28:35 PM" Debug="false">
    <Text>HmiConvert: Starting conversion step &lt;Siemens.Simatic.Hmi.Device.DeviceManagers.Scan:Siemens.Simatic.Hmi.Utah.Device.Upgrade.DeviceConverter.ConvertHmiDeviceToV18&gt;.</Text>
  </Details>
  <Details ServiceId="80" MessageId="30" Timestamp="1/24/2026 3:28:36 PM" Debug="false">
    <Text>HmiConvert: Finished conversion step &lt;Siemens.Simatic.Hmi.Device.DeviceManagers.Scan:Siemens.Simatic.Hmi.Utah.Device.Upgrade.DeviceConverter.ConvertHmiDeviceToV18&gt;.</Text>
  </Details>
  <Details ServiceId="80" MessageId="30" Timestamp="1/24/2026 3:28:36 PM" Debug="false">
    <Text>HmiConvert: Starting conversion step &lt;Siemens.Simatic.Hmi.ScreenModules.Managers.Scan:Siemens.Simatic.Hmi.Utah.Modules.ScreenModules.PhaseConverter.BlockUpgradeForC0013Error&gt;.</Text>
  </Details>
  <Details ServiceId="80" MessageId="30" Timestamp="1/24/2026 3:28:36 PM" Debug="false">
    <Text>HmiConvert: Finished conversion step &lt;Siemens.Simatic.Hmi.ScreenModules.Managers.Scan:Siemens.Simatic.Hmi.Utah.Modules.ScreenModules.PhaseConverter.BlockUpgradeForC0013Error&gt;.</Text>
  </Details>
  <Details ServiceId="80" MessageId="30" Timestamp="1/24/2026 3:28:36 PM" Debug="false">
    <Text>HmiConvert: Starting conversion step &lt;Siemens.Simatic.Hmi.ScreenModules.Managers.Scan:Siemens.Simatic.Hmi.Utah.Modules.ScreenModules.PhaseConverter.ConvertDeleteParentlessFaceplateStructureMembers&gt;.</Text>
  </Details>
  <Details ServiceId="80" MessageId="30" Timestamp="1/24/2026 3:28:36 PM" Debug="false">
    <Text>HmiConvert: Finished conversion step &lt;Siemens.Simatic.Hmi.ScreenModules.Managers.Scan:Siemens.Simatic.Hmi.Utah.Modules.ScreenModules.PhaseConverter.ConvertDeleteParentlessFaceplateStructureMembers&gt;.</Text>
  </Details>
  <Details ServiceId="80" MessageId="30" Timestamp="1/24/2026 3:28:36 PM" Debug="false">
    <Text>HmiConvert: Starting conversion step &lt;Siemens.Simatic.Hmi.ScreenModules.Managers.Scan:Siemens.Simatic.Hmi.Utah.Modules.ScreenModules.PhaseConverter.RepairScreenModuleTags&gt;.</Text>
  </Details>
  <Details ServiceId="80" MessageId="30" Timestamp="1/24/2026 3:28:36 PM" Debug="false">
    <Text>HmiConvert: Finished conversion step &lt;Siemens.Simatic.Hmi.ScreenModules.Managers.Scan:Siemens.Simatic.Hmi.Utah.Modules.ScreenModules.PhaseConverter.RepairScreenModuleTags&gt;.</Text>
  </Details>
  <Details ServiceId="80" MessageId="30" Timestamp="1/24/2026 3:28:36 PM" Debug="false">
    <Text>HmiConvert: Starting conversion step &lt;Siemens.Simatic.Hmi.ScreenModules.Managers.Scan:Siemens.Simatic.Hmi.Utah.Modules.ScreenModules.PhaseConverter.RepairResizingRules&gt;.</Text>
  </Details>
  <Details ServiceId="80" MessageId="30" Timestamp="1/24/2026 3:28:36 PM" Debug="false">
    <Text>HmiConvert: Finished conversion step &lt;Siemens.Simatic.Hmi.ScreenModules.Managers.Scan:Siemens.Simatic.Hmi.Utah.Modules.ScreenModules.PhaseConverter.RepairResizingRules&gt;.</Text>
  </Details>
  <Details ServiceId="80" MessageId="30" Timestamp="1/24/2026 3:28:36 PM" Debug="false">
    <Text>HmiConvert: Starting conversion step &lt;Siemens.Simatic.Hmi.Theming.Managers.Scan:Siemens.Simatic.Hmi.Utah.Theming.HmiThemeConverter.UpdateHmiDeviceThemeSettingsForV19&gt;.</Text>
  </Details>
  <Details ServiceId="80" MessageId="30" Timestamp="1/24/2026 3:28:36 PM" Debug="false">
    <Text>HmiConvert: Finished conversion step &lt;Siemens.Simatic.Hmi.Theming.Managers.Scan:Siemens.Simatic.Hmi.Utah.Theming.HmiThemeConverter.UpdateHmiDeviceThemeSettingsForV19&gt;.</Text>
  </Details>
  <Details ServiceId="80" MessageId="30" Timestamp="1/24/2026 3:28:36 PM" Debug="false">
    <Text>HmiConvert: Starting conversion step &lt;Siemens.Simatic.Hmi.ScreenModules.Managers.Scan:Siemens.Simatic.Hmi.Utah.Modules.ScreenModules.OrphanedInterfaceConnection.Repair&gt;.</Text>
  </Details>
  <Details ServiceId="80" MessageId="30" Timestamp="1/24/2026 3:28:36 PM" Debug="false">
    <Text>HmiConvert: Finished conversion step &lt;Siemens.Simatic.Hmi.ScreenModules.Managers.Scan:Siemens.Simatic.Hmi.Utah.Modules.ScreenModules.OrphanedInterfaceConnection.Repair&gt;.</Text>
  </Details>
  <Details ServiceId="80" MessageId="30" Timestamp="1/24/2026 3:28:36 PM" Debug="false">
    <Text>HmiConvert: Starting conversion step &lt;Siemens.Simatic.Hmi.ScreenModules.Managers.Scan:Siemens.Simatic.Hmi.Utah.Modules.ScreenModules.PhaseConverter.MoveFontListsToDeviceLevel&gt;.</Text>
  </Details>
  <Details ServiceId="80" MessageId="30" Timestamp="1/24/2026 3:28:36 PM" Debug="false">
    <Text>HmiConvert: Finished conversion step &lt;Siemens.Simatic.Hmi.ScreenModules.Managers.Scan:Siemens.Simatic.Hmi.Utah.Modules.ScreenModules.PhaseConverter.MoveFontListsToDeviceLevel&gt;.</Text>
  </Details>
  <Details ServiceId="80" MessageId="30" Timestamp="1/24/2026 3:28:36 PM" Debug="false">
    <Text>HmiConvert: Starting conversion step &lt;Siemens.Simatic.Hmi.Alarm.Managers.Scan:Siemens.Simatic.Hmi.Utah.Alarm.OrphanedProcessValue.Repair&gt;.</Text>
  </Details>
  <Details ServiceId="80" MessageId="30" Timestamp="1/24/2026 3:28:36 PM" Debug="false">
    <Text>HmiConvert: Finished conversion step &lt;Siemens.Simatic.Hmi.Alarm.Managers.Scan:Siemens.Simatic.Hmi.Utah.Alarm.OrphanedProcessValue.Repair&gt;.</Text>
  </Details>
  <Details ServiceId="80" MessageId="30" Timestamp="1/24/2026 3:28:36 PM" Debug="false">
    <Text>HmiConvert: Starting conversion step &lt;Siemens.Simatic.Hmi.Globalization.Managers.Scan:Siemens.Simatic.Hmi.Utah.Globalization.TextCategoryConvert.CreateMissingTextCategoriesForLegacyDevices&gt;.</Text>
  </Details>
  <Details ServiceId="80" MessageId="30" Timestamp="1/24/2026 3:28:37 PM" Debug="false">
    <Text>HmiConvert: Finished conversion step &lt;Siemens.Simatic.Hmi.Globalization.Managers.Scan:Siemens.Simatic.Hmi.Utah.Globalization.TextCategoryConvert.CreateMissingTextCategoriesForLegacyDevices&gt;.</Text>
  </Details>
  <Details ServiceId="80" MessageId="30" Timestamp="1/24/2026 3:28:37 PM" Debug="false">
    <Text>HmiConvert: Starting conversion step &lt;Siemens.Simatic.Hmi.Globalization.Managers.Scan:Siemens.Simatic.Hmi.Utah.Globalization.TextRepairForConvert.TextsRepairInCoreLevelFromAnyVersionToV19&gt;.</Text>
  </Details>
  <Details ServiceId="80" MessageId="30" Timestamp="1/24/2026 3:28:37 PM" Debug="false">
    <Text>HmiConvert: Finished conversion step &lt;Siemens.Simatic.Hmi.Globalization.Managers.Scan:Siemens.Simatic.Hmi.Utah.Globalization.TextRepairForConvert.TextsRepairInCoreLevelFromAnyVersionToV19&gt;.</Text>
  </Details>
  <Details ServiceId="80" MessageId="30" Timestamp="1/24/2026 3:28:37 PM" Debug="false">
    <Text>HmiConvert: Starting conversion step &lt;Siemens.Simatic.Hmi.Globalization.Managers.Scan:Siemens.Simatic.Hmi.Utah.Globalization.TextCategoryConvertV18.ReplaceTextCategoryWithFormattedTextCategoryInConvert&gt;.</Text>
  </Details>
  <Details ServiceId="80" MessageId="30" Timestamp="1/24/2026 3:28:37 PM" Debug="false">
    <Text>HmiConvert: Finished conversion step &lt;Siemens.Simatic.Hmi.Globalization.Managers.Scan:Siemens.Simatic.Hmi.Utah.Globalization.TextCategoryConvertV18.ReplaceTextCategoryWithFormattedTextCategoryInConvert&gt;.</Text>
  </Details>
  <Details ServiceId="80" MessageId="30" Timestamp="1/24/2026 3:28:37 PM" Debug="false">
    <Text>HmiConvert: Starting conversion step &lt;Siemens.Simatic.Hmi.Globalization.Managers.Scan:Siemens.Simatic.Hmi.Utah.Globalization.NotUsedTextCategoryDeleter.DeleteNotUsedTextCategories&gt;.</Text>
  </Details>
  <Details ServiceId="80" MessageId="30" Timestamp="1/24/2026 3:28:37 PM" Debug="false">
    <Text>HmiConvert: Finished conversion step &lt;Siemens.Simatic.Hmi.Globalization.Managers.Scan:Siemens.Simatic.Hmi.Utah.Globalization.NotUsedTextCategoryDeleter.DeleteNotUsedTextCategories&gt;.</Text>
  </Details>
  <Details ServiceId="80" MessageId="30" Timestamp="1/24/2026 3:28:37 PM" Debug="false">
    <Text>HmiConvert: Starting conversion step &lt;Siemens.Simatic.Hmi.GraphX.GraphXManagers.Scan:Siemens.Simatic.Hmi.Utah.GraphX.PhaseConverter.RemoveInvisibleSoftkeysConverter&gt;.</Text>
  </Details>
  <Details ServiceId="80" MessageId="30" Timestamp="1/24/2026 3:28:37 PM" Debug="false">
    <Text>HmiConvert: Finished conversion step &lt;Siemens.Simatic.Hmi.GraphX.GraphXManagers.Scan:Siemens.Simatic.Hmi.Utah.GraphX.PhaseConverter.RemoveInvisibleSoftkeysConverter&gt;.</Text>
  </Details>
  <Details ServiceId="80" MessageId="30" Timestamp="1/24/2026 3:28:37 PM" Debug="false">
    <Text>HmiConvert: Starting conversion step &lt;Siemens.Simatic.Hmi.GraphX.GraphXManagers.Scan:Siemens.Simatic.Hmi.Utah.GraphX.PhaseConverter.RemoveDuplicateSoftKeysConverter&gt;.</Text>
  </Details>
  <Details ServiceId="80" MessageId="30" Timestamp="1/24/2026 3:28:37 PM" Debug="false">
    <Text>HmiConvert: Finished conversion step &lt;Siemens.Simatic.Hmi.GraphX.GraphXManagers.Scan:Siemens.Simatic.Hmi.Utah.GraphX.PhaseConverter.RemoveDuplicateSoftKeysConverter&gt;.</Text>
  </Details>
  <Details ServiceId="80" MessageId="30" Timestamp="1/24/2026 3:28:37 PM" Debug="false">
    <Text>HmiConvert: Starting conversion step &lt;Siemens.Simatic.Hmi.GraphX.GraphXManagers.Scan:Siemens.Simatic.Hmi.Utah.GraphX.ChainedListConverter.ConvertFixScreenChainedList&gt;.</Text>
  </Details>
  <Details ServiceId="80" MessageId="30" Timestamp="1/24/2026 3:28:37 PM" Debug="false">
    <Text>HmiConvert: Finished conversion step &lt;Siemens.Simatic.Hmi.GraphX.GraphXManagers.Scan:Siemens.Simatic.Hmi.Utah.GraphX.ChainedListConverter.ConvertFixScreenChainedList&gt;.</Text>
  </Details>
  <Details ServiceId="80" MessageId="30" Timestamp="1/24/2026 3:28:37 PM" Debug="false">
    <Text>HmiConvert: Starting conversion step &lt;Siemens.Simatic.Hmi.GraphX.GraphXManagers.Scan:Siemens.Simatic.Hmi.Utah.GraphX.PhaseConverter.RepairPointsCollectionOfScreenItems&gt;.</Text>
  </Details>
  <Details ServiceId="80" MessageId="30" Timestamp="1/24/2026 3:28:37 PM" Debug="false">
    <Text>HmiConvert: Finished conversion step &lt;Siemens.Simatic.Hmi.GraphX.GraphXManagers.Scan:Siemens.Simatic.Hmi.Utah.GraphX.PhaseConverter.RepairPointsCollectionOfScreenItems&gt;.</Text>
  </Details>
  <Details ServiceId="80" MessageId="30" Timestamp="1/24/2026 3:28:37 PM" Debug="false">
    <Text>HmiConvert: Starting conversion step &lt;Siemens.Simatic.Hmi.Globalization.Managers.Scan:Siemens.Simatic.Hmi.Utah.Globalization.LanguageAndFontSettingsConvert.RepairOnlineLanguageOrderInLanguageAndFontSettings&gt;.</Text>
  </Details>
  <Details ServiceId="80" MessageId="30" Timestamp="1/24/2026 3:28:37 PM" Debug="false">
    <Text>HmiConvert: Finished conversion step &lt;Siemens.Simatic.Hmi.Globalization.Managers.Scan:Siemens.Simatic.Hmi.Utah.Globalization.LanguageAndFontSettingsConvert.RepairOnlineLanguageOrderInLanguageAndFontSettings&gt;.</Text>
  </Details>
  <Details ServiceId="80" MessageId="30" Timestamp="1/24/2026 3:28:37 PM" Debug="false">
    <Text>HmiConvert: Starting conversion step &lt;Siemens.Simatic.Hmi.Globalization.Managers.Scan:Siemens.Simatic.Hmi.Utah.Globalization.DynamicScreenItemResourceDataRepair.DynamicResourceDataRepair&gt;.</Text>
  </Details>
  <Details ServiceId="80" MessageId="30" Timestamp="1/24/2026 3:28:37 PM" Debug="false">
    <Text>HmiConvert: Finished conversion step &lt;Siemens.Simatic.Hmi.Globalization.Managers.Scan:Siemens.Simatic.Hmi.Utah.Globalization.DynamicScreenItemResourceDataRepair.DynamicResourceDataRepair&gt;.</Text>
  </Details>
  <Details ServiceId="80" MessageId="30" Timestamp="1/24/2026 3:28:37 PM" Debug="false">
    <Text>HmiConvert: Starting conversion step &lt;Siemens.Simatic.Hmi.BL.ColorPalette.Scan:Siemens.Simatic.Hmi.BL.ColorPalette.Convert.CreateCentralColorPaletteForUnifiedDevicesV19.CreateCentralColorPalette&gt;.</Text>
  </Details>
  <Details ServiceId="80" MessageId="30" Timestamp="1/24/2026 3:28:37 PM" Debug="false">
    <Text>HmiConvert: Finished conversion step &lt;Siemens.Simatic.Hmi.BL.ColorPalette.Scan:Siemens.Simatic.Hmi.BL.ColorPalette.Convert.CreateCentralColorPaletteForUnifiedDevicesV19.CreateCentralColorPalette&gt;.</Text>
  </Details>
  <Details ServiceId="80" MessageId="30" Timestamp="1/24/2026 3:28:37 PM" Debug="false">
    <Text>HmiConvert: Starting conversion step &lt;Siemens.Simatic.Hmi.Device.DeviceManagers.Scan:Siemens.Simatic.Hmi.Utah.Device.Upgrade.DeviceConverter.ConvertRuntimeSettingServicesToV19&gt;.</Text>
  </Details>
  <Details ServiceId="80" MessageId="30" Timestamp="1/24/2026 3:28:38 PM" Debug="false">
    <Text>HmiConvert: Finished conversion step &lt;Siemens.Simatic.Hmi.Device.DeviceManagers.Scan:Siemens.Simatic.Hmi.Utah.Device.Upgrade.DeviceConverter.ConvertRuntimeSettingServicesToV19&gt;.</Text>
  </Details>
  <Details ServiceId="80" MessageId="30" Timestamp="1/24/2026 3:28:38 PM" Debug="false">
    <Text>HmiConvert: Starting conversion step &lt;Siemens.Simatic.Hmi.ScreenModules.Managers.Scan:Siemens.Simatic.Hmi.Utah.Modules.ScreenModules.PhaseConverter.RepairScreenModuleTagNames&gt;.</Text>
  </Details>
  <Details ServiceId="80" MessageId="30" Timestamp="1/24/2026 3:28:38 PM" Debug="false">
    <Text>HmiConvert: Finished conversion step &lt;Siemens.Simatic.Hmi.ScreenModules.Managers.Scan:Siemens.Simatic.Hmi.Utah.Modules.ScreenModules.PhaseConverter.RepairScreenModuleTagNames&gt;.</Text>
  </Details>
  <Details ServiceId="80" MessageId="30" Timestamp="1/24/2026 3:28:38 PM" Debug="false">
    <Text>HmiConvert: Starting conversion step &lt;Siemens.Simatic.Hmi.Globalization.Managers.Scan:Siemens.Simatic.Hmi.Utah.Globalization.FormattedTextXmlHavingAbsoluteTagConvert.RepairInvalidFormattedTextXml&gt;.</Text>
  </Details>
  <Details ServiceId="80" MessageId="30" Timestamp="1/24/2026 3:28:38 PM" Debug="false">
    <Text>HmiConvert: Finished conversion step &lt;Siemens.Simatic.Hmi.Globalization.Managers.Scan:Siemens.Simatic.Hmi.Utah.Globalization.FormattedTextXmlHavingAbsoluteTagConvert.RepairInvalidFormattedTextXml&gt;.</Text>
  </Details>
  <Details ServiceId="80" MessageId="30" Timestamp="1/24/2026 3:28:38 PM" Debug="false">
    <Text>HmiConvert: Starting conversion step &lt;Siemens.Simatic.Hmi.BL.ParameterControl:Siemens.Simatic.Hmi.BL.ParameterControl.Convert.ParameterSetTypeConverter.Convert&gt;.</Text>
  </Details>
  <Details ServiceId="80" MessageId="30" Timestamp="1/24/2026 3:28:38 PM" Debug="false">
    <Text>HmiConvert: Finished conversion step &lt;Siemens.Simatic.Hmi.BL.ParameterControl:Siemens.Simatic.Hmi.BL.ParameterControl.Convert.ParameterSetTypeConverter.Convert&gt;.</Text>
  </Details>
  <Details ServiceId="80" MessageId="30" Timestamp="1/24/2026 3:28:38 PM" Debug="false">
    <Text>HmiConvert: Starting conversion step &lt;Siemens.Simatic.Hmi.BL.ILDevice.HmiILScreenRuntimeSettings:Siemens.Simatic.Hmi.BL.ILDevice.HmiILScreenRuntimeSettings.HmiILScreenRuntimeSettingsVoTConverter.CreateHmiScreenRuntimeSettingsObjectForVoT&gt;.</Text>
  </Details>
  <Details ServiceId="80" MessageId="30" Timestamp="1/24/2026 3:28:38 PM" Debug="false">
    <Text>HmiConvert: Finished conversion step &lt;Siemens.Simatic.Hmi.BL.ILDevice.HmiILScreenRuntimeSettings:Siemens.Simatic.Hmi.BL.ILDevice.HmiILScreenRuntimeSettings.HmiILScreenRuntimeSettingsVoTConverter.CreateHmiScreenRuntimeSettingsObjectForVoT&gt;.</Text>
  </Details>
  <Details ServiceId="80" MessageId="30" Timestamp="1/24/2026 3:28:38 PM" Debug="false">
    <Text>HmiConvert: Starting conversion step &lt;Siemens.Simatic.Hmi.BL.ModernUI:Siemens.Simatic.Hmi.BL.ModernUI.Convert.ParameterSetControlConverter.Convert&gt;.</Text>
  </Details>
  <Details ServiceId="80" MessageId="30" Timestamp="1/24/2026 3:28:38 PM" Debug="false">
    <Text>HmiConvert: Finished conversion step &lt;Siemens.Simatic.Hmi.BL.ModernUI:Siemens.Simatic.Hmi.BL.ModernUI.Convert.ParameterSetControlConverter.Convert&gt;.</Text>
  </Details>
  <Details ServiceId="80" MessageId="30" Timestamp="1/24/2026 3:28:38 PM" Debug="false">
    <Text>HmiConvert: Starting conversion step &lt;Siemens.Simatic.Hmi.Globalization.Managers.Scan:Siemens.Simatic.Hmi.Utah.Globalization.MissingFontLocatorDataConvert.RepairMissingFontLocatorData&gt;.</Text>
  </Details>
  <Details ServiceId="80" MessageId="30" Timestamp="1/24/2026 3:28:38 PM" Debug="false">
    <Text>HmiConvert: Finished conversion step &lt;Siemens.Simatic.Hmi.Globalization.Managers.Scan:Siemens.Simatic.Hmi.Utah.Globalization.MissingFontLocatorDataConvert.RepairMissingFontLocatorData&gt;.</Text>
  </Details>
  <Details ServiceId="80" MessageId="30" Timestamp="1/24/2026 3:28:38 PM" Debug="false">
    <Text>HmiConvert: Starting conversion step &lt;Siemens.Simatic.Hmi.BL.ModernUI:Siemens.Simatic.Hmi.BL.ModernUI.Convert.IncorrectOrderOfScreenItemsConverter.ConvertProject&gt;.</Text>
  </Details>
  <Details ServiceId="80" MessageId="30" Timestamp="1/24/2026 3:28:38 PM" Debug="false">
    <Text>HmiConvert: Finished conversion step &lt;Siemens.Simatic.Hmi.BL.ModernUI:Siemens.Simatic.Hmi.BL.ModernUI.Convert.IncorrectOrderOfScreenItemsConverter.ConvertProject&gt;.</Text>
  </Details>
  <Details ServiceId="80" MessageId="30" Timestamp="1/24/2026 3:28:38 PM" Debug="false">
    <Text>HmiConvert: Starting conversion step &lt;Siemens.Simatic.Hmi.Globalization.Managers.Scan:Siemens.Simatic.Hmi.Utah.Globalization.TextRepairForConvert.TextCategoryRepairInHmiBusinessLogicLevel&gt;.</Text>
  </Details>
  <Details ServiceId="80" MessageId="30" Timestamp="1/24/2026 3:28:42 PM" Debug="false">
    <Text>HmiConvert: Finished conversion step &lt;Siemens.Simatic.Hmi.Globalization.Managers.Scan:Siemens.Simatic.Hmi.Utah.Globalization.TextRepairForConvert.TextCategoryRepairInHmiBusinessLogicLevel&gt;.</Text>
  </Details>
  <Details ServiceId="80" MessageId="30" Timestamp="1/24/2026 3:28:42 PM" Debug="false">
    <Text>HmiConvert: Starting conversion step &lt;Siemens.Simatic.Hmi.ScreenModules.Managers.Scan:Siemens.Simatic.Hmi.Utah.Modules.ScreenModules.PhaseConverterWithHmiBl.RepairInstanceKeyCache&gt;.</Text>
  </Details>
  <Details ServiceId="80" MessageId="30" Timestamp="1/24/2026 3:28:42 PM" Debug="false">
    <Text>HmiConvert: Finished conversion step &lt;Siemens.Simatic.Hmi.ScreenModules.Managers.Scan:Siemens.Simatic.Hmi.Utah.Modules.ScreenModules.PhaseConverterWithHmiBl.RepairInstanceKeyCache&gt;.</Text>
  </Details>
  <Details ServiceId="80" MessageId="30" Timestamp="1/24/2026 3:28:42 PM" Debug="false">
    <Text>HmiConvert: Starting conversion step &lt;Siemens.Simatic.Hmi.ScreenModules.Managers.Scan:Siemens.Simatic.Hmi.Utah.Modules.ScreenModules.PhaseConverterWithHmiBl.RepairDuplicateInterfacePropertyIds&gt;.</Text>
  </Details>
  <Details ServiceId="80" MessageId="30" Timestamp="1/24/2026 3:28:42 PM" Debug="false">
    <Text>HmiConvert: Finished conversion step &lt;Siemens.Simatic.Hmi.ScreenModules.Managers.Scan:Siemens.Simatic.Hmi.Utah.Modules.ScreenModules.PhaseConverterWithHmiBl.RepairDuplicateInterfacePropertyIds&gt;.</Text>
  </Details>
  <Details ServiceId="80" MessageId="30" Timestamp="1/24/2026 3:28:42 PM" Debug="false">
    <Text>HmiConvert: Starting conversion step &lt;Siemens.Simatic.Hmi.GraphX.GraphXManagers.Scan:Siemens.Simatic.Hmi.Utah.GraphX.UpgradeUnresolvableScreenUdtVersionInstance.Repair&gt;.</Text>
  </Details>
  <Details ServiceId="80" MessageId="30" Timestamp="1/24/2026 3:28:42 PM" Debug="false">
    <Text>HmiConvert: Finished conversion step &lt;Siemens.Simatic.Hmi.GraphX.GraphXManagers.Scan:Siemens.Simatic.Hmi.Utah.GraphX.UpgradeUnresolvableScreenUdtVersionInstance.Repair&gt;.</Text>
  </Details>
  <Details ServiceId="80" MessageId="30" Timestamp="1/24/2026 3:28:42 PM" Debug="false">
    <Text>HmiConvert: Starting conversion step &lt;Siemens.Simatic.Hmi.BL.Scheduler.Scan:Siemens.Simatic.Hmi.BL.Scheduler.CheckRepair.ProjectUpgrades.ActionUpgrade.Repair&gt;.</Text>
  </Details>
  <Details ServiceId="80" MessageId="30" Timestamp="1/24/2026 3:28:42 PM" Debug="false">
    <Text>HmiConvert: Finished conversion step &lt;Siemens.Simatic.Hmi.BL.Scheduler.Scan:Siemens.Simatic.Hmi.BL.Scheduler.CheckRepair.ProjectUpgrades.ActionUpgrade.Repair&gt;.</Text>
  </Details>
  <Details ServiceId="80" MessageId="30" Timestamp="1/24/2026 3:28:42 PM" Debug="false">
    <Text>HmiConvert: Starting conversion step &lt;Siemens.Simatic.Hmi.BL.ModernUI:Siemens.Simatic.Hmi.BL.ModernUI.Convert.BitSelectionforTagDynamizationConverter.UpdateBitSelectionForTagDynamizationReferences&gt;.</Text>
  </Details>
  <Details ServiceId="80" MessageId="30" Timestamp="1/24/2026 3:28:42 PM" Debug="false">
    <Text>HmiConvert: Finished conversion step &lt;Siemens.Simatic.Hmi.BL.ModernUI:Siemens.Simatic.Hmi.BL.ModernUI.Convert.BitSelectionforTagDynamizationConverter.UpdateBitSelectionForTagDynamizationReferences&gt;.</Text>
  </Details>
  <Details ServiceId="80" MessageId="30" Timestamp="1/24/2026 3:28:42 PM" Debug="false">
    <Text>HmiConvert: Starting conversion step &lt;Siemens.Simatic.Hmi.GraphX.GraphXManagers.Scan:Siemens.Simatic.Hmi.Utah.GraphX.PhaseConverter.RepairFontOfGroups&gt;.</Text>
  </Details>
  <Details ServiceId="80" MessageId="30" Timestamp="1/24/2026 3:28:42 PM" Debug="false">
    <Text>HmiConvert: Finished conversion step &lt;Siemens.Simatic.Hmi.GraphX.GraphXManagers.Scan:Siemens.Simatic.Hmi.Utah.GraphX.PhaseConverter.RepairFontOfGroups&gt;.</Text>
  </Details>
  <Details ServiceId="80" MessageId="30" Timestamp="1/24/2026 3:28:42 PM" Debug="false">
    <Text>HmiConvert: Starting conversion step &lt;Siemens.Simatic.Hmi.Globalization.Managers.Scan:Siemens.Simatic.Hmi.Utah.Globalization.FontConvert.RepairScreenItemReferencesOnGlobalFontList&gt;.</Text>
  </Details>
  <Details ServiceId="80" MessageId="30" Timestamp="1/24/2026 3:28:42 PM" Debug="false">
    <Text>HmiConvert: Finished conversion step &lt;Siemens.Simatic.Hmi.Globalization.Managers.Scan:Siemens.Simatic.Hmi.Utah.Globalization.FontConvert.RepairScreenItemReferencesOnGlobalFontList&gt;.</Text>
  </Details>
  <Details ServiceId="80" MessageId="30" Timestamp="1/24/2026 3:28:42 PM" Debug="false">
    <Text>HmiConvert: Starting conversion step &lt;Siemens.Simatic.Hmi.RuntimeIT.Managers.Scan:Siemens.Simatic.Hmi.Utah.RTSecurity.Upgrade.UpgradeSaltSettings.RepairSalt&gt;.</Text>
  </Details>
  <Details ServiceId="80" MessageId="30" Timestamp="1/24/2026 3:28:42 PM" Debug="false">
    <Text>HmiConvert: Finished conversion step &lt;Siemens.Simatic.Hmi.RuntimeIT.Managers.Scan:Siemens.Simatic.Hmi.Utah.RTSecurity.Upgrade.UpgradeSaltSettings.RepairSalt&gt;.</Text>
  </Details>
  <Details ServiceId="80" MessageId="30" Timestamp="1/24/2026 3:28:42 PM" Debug="false">
    <Text>HmiConvert: Starting conversion step &lt;Siemens.Simatic.Hmi.RuntimeIT.Managers.Scan:Siemens.Simatic.Hmi.Utah.RTSecurity.Upgrade.HmiRtGroupAuthorizationLinkRepair.RepairGroupAuthorizationLinks&gt;.</Text>
  </Details>
  <Details ServiceId="80" MessageId="30" Timestamp="1/24/2026 3:28:42 PM" Debug="false">
    <Text>HmiConvert: Finished conversion step &lt;Siemens.Simatic.Hmi.RuntimeIT.Managers.Scan:Siemens.Simatic.Hmi.Utah.RTSecurity.Upgrade.HmiRtGroupAuthorizationLinkRepair.RepairGroupAuthorizationLinks&gt;.</Text>
  </Details>
  <Details ServiceId="80" MessageId="30" Timestamp="1/24/2026 3:28:42 PM" Debug="false">
    <Text>HmiConvert: Starting conversion step &lt;Siemens.Simatic.Hmi.BL.ModernUI:Siemens.Simatic.Hmi.BL.ModernUI.Convert.ScreenItemPhaseConverter.AdaptModel&gt;.</Text>
  </Details>
  <Details ServiceId="80" MessageId="30" Timestamp="1/24/2026 3:28:42 PM" Debug="false">
    <Text>HmiConvert: Finished conversion step &lt;Siemens.Simatic.Hmi.BL.ModernUI:Siemens.Simatic.Hmi.BL.ModernUI.Convert.ScreenItemPhaseConverter.AdaptModel&gt;.</Text>
  </Details>
  <Details ServiceId="80" MessageId="30" Timestamp="1/24/2026 3:28:42 PM" Debug="false">
    <Text>HmiConvert: Starting conversion step &lt;Siemens.Simatic.Hmi.BL.Scripting.Scan:Siemens.Simatic.Hmi.BL.Scripting.Migrations.ScriptReferenceBLConverterWithResolveForLayerGuids.ResolveLayerScriptReferencesDuringConvert&gt;.</Text>
  </Details>
  <Details ServiceId="80" MessageId="30" Timestamp="1/24/2026 3:28:42 PM" Debug="false">
    <Text>HmiConvert: Finished conversion step &lt;Siemens.Simatic.Hmi.BL.Scripting.Scan:Siemens.Simatic.Hmi.BL.Scripting.Migrations.ScriptReferenceBLConverterWithResolveForLayerGuids.ResolveLayerScriptReferencesDuringConvert&gt;.</Text>
  </Details>
  <Details ServiceId="80" MessageId="30" Timestamp="1/24/2026 3:28:42 PM" Debug="false">
    <Text>HmiConvert: Starting conversion step &lt;Siemens.Simatic.Hmi.Alarm.Managers.Scan:Siemens.Simatic.Hmi.Utah.Alarm.MissingInternalAlarmClassConverter.RepairMissingInternalAlarmClasses&gt;.</Text>
  </Details>
  <Details ServiceId="80" MessageId="30" Timestamp="1/24/2026 3:28:42 PM" Debug="false">
    <Text>HmiConvert: Finished conversion step &lt;Siemens.Simatic.Hmi.Alarm.Managers.Scan:Siemens.Simatic.Hmi.Utah.Alarm.MissingInternalAlarmClassConverter.RepairMissingInternalAlarmClasses&gt;.</Text>
  </Details>
  <Details ServiceId="80" MessageId="30" Timestamp="1/24/2026 3:28:42 PM" Debug="false">
    <Text>HmiConvert is waiting for external dependency: Siemens.Simatic.Lang.SPLConvert</Text>
  </Details>
  <Details ServiceId="80" MessageId="30" Timestamp="1/24/2026 3:28:54 PM" Debug="false">
    <Text>Not invalidating fingerprints for protected object: WRLT_DTL[SFC161]</Text>
  </Details>
  <Details ServiceId="80" MessageId="30" Timestamp="1/24/2026 3:28:54 PM" Debug="false">
    <Text>Not invalidating fingerprints for protected object: RDLT_DTL_SFC[SFC154]</Text>
  </Details>
  <Details ServiceId="80" MessageId="30" Timestamp="1/24/2026 3:28:54 PM" Debug="false">
    <Text>Not invalidating fingerprints for protected object: ModuleStates[FC803]</Text>
  </Details>
  <MessageCell ServiceId="80" MessageId="30" MessageClass="Warning" Timestamp="1/24/2026 3:28:58 PM">
    <Number ServiceNumber="80" MessageNumber="30" />
    <Text FeedbackText="Project element: '\cpu1212pn\ProgramBlocksFolder\Main' - Checksum inconsistency for 'General; Event'." />
    <Help HelpId="-1" />
  </MessageCell>
  <MessageCell ServiceId="80" MessageId="30" MessageClass="Warning" Timestamp="1/24/2026 3:28:58 PM">
    <Number ServiceNumber="80" MessageNumber="30" />
    <Text FeedbackText="Project element: '\cpu1212pn\ProgramBlocksFolder\Main' - Checksum inconsistency for 'CallerMemoryLayout'." />
    <Help HelpId="-1" />
  </MessageCell>
  <MessageCell ServiceId="80" MessageId="30" MessageClass="Warning" Timestamp="1/24/2026 3:28:58 PM">
    <Number ServiceNumber="80" MessageNumber="30" />
    <Text FeedbackText="Project element: '\cpu1212pn\ProgramBlocksFolder\Main' - Checksum inconsistency for 'StructureMemoryLayout'." />
    <Help HelpId="-1" />
  </MessageCell>
  <MessageCell ServiceId="80" MessageId="30" MessageClass="Warning" Timestamp="1/24/2026 3:28:59 PM">
    <Number ServiceNumber="80" MessageNumber="30" />
    <Text FeedbackText="Project element: '\cpu1212pn\ProgramBlocksFolder\standardBlocks_200\read_write_dateTime' - Checksum inconsistency for 'General'." />
    <Help HelpId="-1" />
  </MessageCell>
  <MessageCell ServiceId="80" MessageId="30" MessageClass="Warning" Timestamp="1/24/2026 3:28:59 PM">
    <Number ServiceNumber="80" MessageNumber="30" />
    <Text FeedbackText="Project element: '\cpu1212pn\ProgramBlocksFolder\standardBlocks_200\read_write_dateTime' - Checksum inconsistency for 'CallerMemoryLayout'." />
    <Help HelpId="-1" />
  </MessageCell>
  <MessageCell ServiceId="80" MessageId="30" MessageClass="Warning" Timestamp="1/24/2026 3:28:59 PM">
    <Number ServiceNumber="80" MessageNumber="30" />
    <Text FeedbackText="Project element: '\cpu1212pn\ProgramBlocksFolder\standardBlocks_200\timers\fc_On_Off_DutyCycle' - Checksum inconsistency for 'General'." />
    <Help HelpId="-1" />
  </MessageCell>
  <MessageCell ServiceId="80" MessageId="30" MessageClass="Warning" Timestamp="1/24/2026 3:28:59 PM">
    <Number ServiceNumber="80" MessageNumber="30" />
    <Text FeedbackText="Project element: '\cpu1212pn\ProgramBlocksFolder\standardBlocks_200\timers\fc_On_Off_DutyCycle' - Checksum inconsistency for 'CallerMemoryLayout'." />
    <Help HelpId="-1" />
  </MessageCell>
  <MessageCell ServiceId="80" MessageId="30" MessageClass="Warning" Timestamp="1/24/2026 3:28:59 PM">
    <Number ServiceNumber="80" MessageNumber="30" />
    <Text FeedbackText="Project element: '\cpu1212pn\ProgramBlocksFolder\standardBlocks_200\timers\fc_On_Off_DutyCycle_stdTimers' - Checksum inconsistency for 'General'." />
    <Help HelpId="-1" />
  </MessageCell>
  <MessageCell ServiceId="80" MessageId="30" MessageClass="Warning" Timestamp="1/24/2026 3:28:59 PM">
    <Number ServiceNumber="80" MessageNumber="30" />
    <Text FeedbackText="Project element: '\cpu1212pn\ProgramBlocksFolder\standardBlocks_200\timers\fc_On_Off_DutyCycle_stdTimers' - Checksum inconsistency for 'CallerMemoryLayout'." />
    <Help HelpId="-1" />
  </MessageCell>
  <MessageCell ServiceId="80" MessageId="30" MessageClass="Warning" Timestamp="1/24/2026 3:28:59 PM">
    <Number ServiceNumber="80" MessageNumber="30" />
    <Text FeedbackText="Project element: '\cpu1212pn\ProgramBlocksFolder\standardBlocks_200\timers\fc_timer' - Checksum inconsistency for 'General'." />
    <Help HelpId="-1" />
  </MessageCell>
  <MessageCell ServiceId="80" MessageId="30" MessageClass="Warning" Timestamp="1/24/2026 3:28:59 PM">
    <Number ServiceNumber="80" MessageNumber="30" />
    <Text FeedbackText="Project element: '\cpu1212pn\ProgramBlocksFolder\standardBlocks_200\timers\fc_timer' - Checksum inconsistency for 'CallerMemoryLayout'." />
    <Help HelpId="-1" />
  </MessageCell>
  <MessageCell ServiceId="80" MessageId="30" MessageClass="Warning" Timestamp="1/24/2026 3:28:59 PM">
    <Number ServiceNumber="80" MessageNumber="30" />
    <Text FeedbackText="Project element: '\cpu1212pn\ProgramBlocksFolder\standardBlocks_200\timers\fc_timer_offDelay' - Checksum inconsistency for 'General'." />
    <Help HelpId="-1" />
  </MessageCell>
  <MessageCell ServiceId="80" MessageId="30" MessageClass="Warning" Timestamp="1/24/2026 3:28:59 PM">
    <Number ServiceNumber="80" MessageNumber="30" />
    <Text FeedbackText="Project element: '\cpu1212pn\ProgramBlocksFolder\standardBlocks_200\timers\fc_timer_offDelay' - Checksum inconsistency for 'CallerMemoryLayout'." />
    <Help HelpId="-1" />
  </MessageCell>
  <MessageCell ServiceId="80" MessageId="30" MessageClass="Warning" Timestamp="1/24/2026 3:28:59 PM">
    <Number ServiceNumber="80" MessageNumber="30" />
    <Text FeedbackText="Project element: '\cpu1212pn\ProgramBlocksFolder\standardBlocks_200\timers\fc_timer_onDelay' - Checksum inconsistency for 'General'." />
    <Help HelpId="-1" />
  </MessageCell>
  <MessageCell ServiceId="80" MessageId="30" MessageClass="Warning" Timestamp="1/24/2026 3:28:59 PM">
    <Number ServiceNumber="80" MessageNumber="30" />
    <Text FeedbackText="Project element: '\cpu1212pn\ProgramBlocksFolder\standardBlocks_200\timers\fc_timer_onDelay' - Checksum inconsistency for 'CallerMemoryLayout'." />
    <Help HelpId="-1" />
  </MessageCell>
  <MessageCell ServiceId="80" MessageId="30" MessageClass="Warning" Timestamp="1/24/2026 3:29:00 PM">
    <Number ServiceNumber="80" MessageNumber="30" />
    <Text FeedbackText="Project element: '\cpu1212pn\ProgramBlocksFolder\1120_DeviceDiagnostics\fc_moduleState' - Checksum inconsistency for 'General'." />
    <Help HelpId="-1" />
  </MessageCell>
  <MessageCell ServiceId="80" MessageId="30" MessageClass="Warning" Timestamp="1/24/2026 3:29:00 PM">
    <Number ServiceNumber="80" MessageNumber="30" />
    <Text FeedbackText="Project element: '\cpu1212pn\ProgramBlocksFolder\1120_DeviceDiagnostics\fc_moduleState' - Checksum inconsistency for 'CallerMemoryLayout'." />
    <Help HelpId="-1" />
  </MessageCell>
  <MessageCell ServiceId="80" MessageId="30" MessageClass="Warning" Timestamp="1/24/2026 3:29:00 PM">
    <Number ServiceNumber="80" MessageNumber="30" />
    <Text FeedbackText="Project element: '\cpu1212pn\ProgramBlocksFolder\ErrorOBs\Pull or plug of modules' - Checksum inconsistency for 'General; Event'." />
    <Help HelpId="-1" />
  </MessageCell>
  <MessageCell ServiceId="80" MessageId="30" MessageClass="Warning" Timestamp="1/24/2026 3:29:00 PM">
    <Number ServiceNumber="80" MessageNumber="30" />
    <Text FeedbackText="Project element: '\cpu1212pn\ProgramBlocksFolder\ErrorOBs\Pull or plug of modules' - Checksum inconsistency for 'CallerMemoryLayout'." />
    <Help HelpId="-1" />
  </MessageCell>
  <MessageCell ServiceId="80" MessageId="30" MessageClass="Warning" Timestamp="1/24/2026 3:29:00 PM">
    <Number ServiceNumber="80" MessageNumber="30" />
    <Text FeedbackText="Project element: '\cpu1212pn\ProgramBlocksFolder\300_fieldComponents_SCADA\fc_allComponents' - Checksum inconsistency for 'General'." />
    <Help HelpId="-1" />
  </MessageCell>
  <MessageCell ServiceId="80" MessageId="30" MessageClass="Warning" Timestamp="1/24/2026 3:29:00 PM">
    <Number ServiceNumber="80" MessageNumber="30" />
    <Text FeedbackText="Project element: '\cpu1212pn\ProgramBlocksFolder\300_fieldComponents_SCADA\fc_allComponents' - Checksum inconsistency for 'CallerMemoryLayout'." />
    <Help HelpId="-1" />
  </MessageCell>
  <MessageCell ServiceId="80" MessageId="30" MessageClass="Warning" Timestamp="1/24/2026 3:29:00 PM">
    <Number ServiceNumber="80" MessageNumber="30" />
    <Text FeedbackText="Project element: '\cpu1212pn\ProgramBlocksFolder\ErrorOBs\Rack or station failure' - Checksum inconsistency for 'General; Event'." />
    <Help HelpId="-1" />
  </MessageCell>
  <MessageCell ServiceId="80" MessageId="30" MessageClass="Warning" Timestamp="1/24/2026 3:29:00 PM">
    <Number ServiceNumber="80" MessageNumber="30" />
    <Text FeedbackText="Project element: '\cpu1212pn\ProgramBlocksFolder\ErrorOBs\Rack or station failure' - Checksum inconsistency for 'CallerMemoryLayout'." />
    <Help HelpId="-1" />
  </MessageCell>
  <MessageCell ServiceId="80" MessageId="30" MessageClass="Warning" Timestamp="1/24/2026 3:29:00 PM">
    <Number ServiceNumber="80" MessageNumber="30" />
    <Text FeedbackText="Project element: '\cpu1212pn\ProgramBlocksFolder\1120_DeviceDiagnostics\fc_moduleState_std' - Checksum inconsistency for 'General'." />
    <Help HelpId="-1" />
  </MessageCell>
  <MessageCell ServiceId="80" MessageId="30" MessageClass="Warning" Timestamp="1/24/2026 3:29:00 PM">
    <Number ServiceNumber="80" MessageNumber="30" />
    <Text FeedbackText="Project element: '\cpu1212pn\ProgramBlocksFolder\1120_DeviceDiagnostics\fc_moduleState_std' - Checksum inconsistency for 'CallerMemoryLayout'." />
    <Help HelpId="-1" />
  </MessageCell>
  <MessageCell ServiceId="80" MessageId="30" MessageClass="Warning" Timestamp="1/24/2026 3:29:00 PM">
    <Number ServiceNumber="80" MessageNumber="30" />
    <Text FeedbackText="Project element: '\cpu1212pn\ProgramBlocksFolder\ErrorOBs\Time error interrupt' - Checksum inconsistency for 'General; Event'." />
    <Help HelpId="-1" />
  </MessageCell>
  <MessageCell ServiceId="80" MessageId="30" MessageClass="Warning" Timestamp="1/24/2026 3:29:00 PM">
    <Number ServiceNumber="80" MessageNumber="30" />
    <Text FeedbackText="Project element: '\cpu1212pn\ProgramBlocksFolder\ErrorOBs\Time error interrupt' - Checksum inconsistency for 'CallerMemoryLayout'." />
    <Help HelpId="-1" />
  </MessageCell>
  <MessageCell ServiceId="80" MessageId="30" MessageClass="Warning" Timestamp="1/24/2026 3:29:00 PM">
    <Number ServiceNumber="80" MessageNumber="30" />
    <Text FeedbackText="Project element: '\cpu1212pn\ProgramBlocksFolder\ErrorOBs\Diagnostic error interrupt' - Checksum inconsistency for 'General; Event'." />
    <Help HelpId="-1" />
  </MessageCell>
  <MessageCell ServiceId="80" MessageId="30" MessageClass="Warning" Timestamp="1/24/2026 3:29:00 PM">
    <Number ServiceNumber="80" MessageNumber="30" />
    <Text FeedbackText="Project element: '\cpu1212pn\ProgramBlocksFolder\ErrorOBs\Diagnostic error interrupt' - Checksum inconsistency for 'CallerMemoryLayout'." />
    <Help HelpId="-1" />
  </MessageCell>
  <MessageCell ServiceId="80" MessageId="30" MessageClass="Warning" Timestamp="1/24/2026 3:29:00 PM">
    <Number ServiceNumber="80" MessageNumber="30" />
    <Text FeedbackText="Project element: '\cpu1212pn\ProgramBlocksFolder\IO_Map' - Checksum inconsistency for 'General'." />
    <Help HelpId="-1" />
  </MessageCell>
  <MessageCell ServiceId="80" MessageId="30" MessageClass="Warning" Timestamp="1/24/2026 3:29:00 PM">
    <Number ServiceNumber="80" MessageNumber="30" />
    <Text FeedbackText="Project element: '\cpu1212pn\ProgramBlocksFolder\IO_Map' - Checksum inconsistency for 'CallerMemoryLayout'." />
    <Help HelpId="-1" />
  </MessageCell>
  <MessageCell ServiceId="80" MessageId="30" MessageClass="Warning" Timestamp="1/24/2026 3:29:00 PM">
    <Number ServiceNumber="80" MessageNumber="30" />
    <Text FeedbackText="Project element: '\cpu1212pn\ProgramBlocksFolder\fc_startupTask' - Checksum inconsistency for 'General'." />
    <Help HelpId="-1" />
  </MessageCell>
  <MessageCell ServiceId="80" MessageId="30" MessageClass="Warning" Timestamp="1/24/2026 3:29:00 PM">
    <Number ServiceNumber="80" MessageNumber="30" />
    <Text FeedbackText="Project element: '\cpu1212pn\ProgramBlocksFolder\fc_startupTask' - Checksum inconsistency for 'CallerMemoryLayout'." />
    <Help HelpId="-1" />
  </MessageCell>
  <MessageCell ServiceId="80" MessageId="30" MessageClass="Warning" Timestamp="1/24/2026 3:29:00 PM">
    <Number ServiceNumber="80" MessageNumber="30" />
    <Text FeedbackText="Project element: '\cpu1212pn\ProgramBlocksFolder\Gen_Logic' - Checksum inconsistency for 'General'." />
    <Help HelpId="-1" />
  </MessageCell>
  <MessageCell ServiceId="80" MessageId="30" MessageClass="Warning" Timestamp="1/24/2026 3:29:00 PM">
    <Number ServiceNumber="80" MessageNumber="30" />
    <Text FeedbackText="Project element: '\cpu1212pn\ProgramBlocksFolder\Gen_Logic' - Checksum inconsistency for 'CallerMemoryLayout'." />
    <Help HelpId="-1" />
  </MessageCell>
  <MessageCell ServiceId="80" MessageId="30" MessageClass="Warning" Timestamp="1/24/2026 3:29:00 PM">
    <Number ServiceNumber="80" MessageNumber="30" />
    <Text FeedbackText="Project element: '\cpu1212pn\ProgramBlocksFolder\300_fieldComponents_SCADA\fc_exchangeSCADA_Setpoints' - Checksum inconsistency for 'General'." />
    <Help HelpId="-1" />
  </MessageCell>
  <MessageCell ServiceId="80" MessageId="30" MessageClass="Warning" Timestamp="1/24/2026 3:29:00 PM">
    <Number ServiceNumber="80" MessageNumber="30" />
    <Text FeedbackText="Project element: '\cpu1212pn\ProgramBlocksFolder\300_fieldComponents_SCADA\fc_exchangeSCADA_Setpoints' - Checksum inconsistency for 'CallerMemoryLayout'." />
    <Help HelpId="-1" />
  </MessageCell>
  <MessageCell ServiceId="80" MessageId="30" MessageClass="Warning" Timestamp="1/24/2026 3:29:00 PM">
    <Number ServiceNumber="80" MessageNumber="30" />
    <Text FeedbackText="Project element: '\cpu1212pn\ProgramBlocksFolder\300_fieldComponents_SCADA\hmi' - Checksum inconsistency for 'General'." />
    <Help HelpId="-1" />
  </MessageCell>
  <MessageCell ServiceId="80" MessageId="30" MessageClass="Warning" Timestamp="1/24/2026 3:29:00 PM">
    <Number ServiceNumber="80" MessageNumber="30" />
    <Text FeedbackText="Project element: '\cpu1212pn\ProgramBlocksFolder\1120_DeviceDiagnostics\db_deviceDiagnostics' - Checksum inconsistency for 'General'." />
    <Help HelpId="-1" />
  </MessageCell>
  <MessageCell ServiceId="80" MessageId="30" MessageClass="Warning" Timestamp="1/24/2026 3:29:00 PM">
    <Number ServiceNumber="80" MessageNumber="30" />
    <Text FeedbackText="Project element: '\cpu1212pn\ProgramBlocksFolder\300_fieldComponents_SCADA\ai_800\ai01' - Checksum inconsistency for 'General'." />
    <Help HelpId="-1" />
  </MessageCell>
  <MessageCell ServiceId="80" MessageId="30" MessageClass="Warning" Timestamp="1/24/2026 3:29:00 PM">
    <Number ServiceNumber="80" MessageNumber="30" />
    <Text FeedbackText="Project element: '\cpu1212pn\ProgramBlocksFolder\300_fieldComponents_SCADA\mc_500\mc01' - Checksum inconsistency for 'General'." />
    <Help HelpId="-1" />
  </MessageCell>
  <MessageCell ServiceId="80" MessageId="30" MessageClass="Warning" Timestamp="1/24/2026 3:29:00 PM">
    <Number ServiceNumber="80" MessageNumber="30" />
    <Text FeedbackText="Project element: '\cpu1212pn\ProgramBlocksFolder\300_fieldComponents_SCADA\sv_600\sv01' - Checksum inconsistency for 'General'." />
    <Help HelpId="-1" />
  </MessageCell>
  <MessageCell ServiceId="80" MessageId="30" MessageClass="Warning" Timestamp="1/24/2026 3:29:00 PM">
    <Number ServiceNumber="80" MessageNumber="30" />
    <Text FeedbackText="Project element: '\cpu1212pn\ProgramBlocksFolder\stn' - Checksum inconsistency for 'General'." />
    <Help HelpId="-1" />
  </MessageCell>
  <MessageCell ServiceId="80" MessageId="30" MessageClass="Warning" Timestamp="1/24/2026 3:29:00 PM">
    <Number ServiceNumber="80" MessageNumber="30" />
    <Text FeedbackText="Project element: '\cpu1212pn\ControllerDataTypeFolder\UDT_DateTime' - Checksum inconsistency for 'General'." />
    <Help HelpId="-1" />
  </MessageCell>
  <MessageCell ServiceId="80" MessageId="30" MessageClass="Warning" Timestamp="1/24/2026 3:29:00 PM">
    <Number ServiceNumber="80" MessageNumber="30" />
    <Text FeedbackText="Project element: '\cpu1212pn\ControllerDataTypeFolder\UDT_Pneu_1DQ' - Checksum inconsistency for 'General'." />
    <Help HelpId="-1" />
  </MessageCell>
  <MessageCell ServiceId="80" MessageId="30" MessageClass="Warning" Timestamp="1/24/2026 3:29:00 PM">
    <Number ServiceNumber="80" MessageNumber="30" />
    <Text FeedbackText="Project element: '\cpu1212pn\ControllerDataTypeFolder\sTimers\UDT_ON_OFF_StdTimer' - Checksum inconsistency for 'UserLibraryInterface; General'." />
    <Help HelpId="-1" />
  </MessageCell>
  <MessageCell ServiceId="80" MessageId="30" MessageClass="Warning" Timestamp="1/24/2026 3:29:00 PM">
    <Number ServiceNumber="80" MessageNumber="30" />
    <Text FeedbackText="Project element: '\cpu1212pn\ControllerDataTypeFolder\sTimers\UDT_Timer' - Checksum inconsistency for 'General'." />
    <Help HelpId="-1" />
  </MessageCell>
  <MessageCell ServiceId="80" MessageId="30" MessageClass="Warning" Timestamp="1/24/2026 3:29:00 PM">
    <Number ServiceNumber="80" MessageNumber="30" />
    <Text FeedbackText="Project element: '\cpu1212pn\ControllerDataTypeFolder\sTimers\UDT_TOF_Time' - Checksum inconsistency for 'General'." />
    <Help HelpId="-1" />
  </MessageCell>
  <MessageCell ServiceId="80" MessageId="30" MessageClass="Warning" Timestamp="1/24/2026 3:29:00 PM">
    <Number ServiceNumber="80" MessageNumber="30" />
    <Text FeedbackText="Project element: '\cpu1212pn\ControllerDataTypeFolder\sTimers\UDT_TON_Time' - Checksum inconsistency for 'General'." />
    <Help HelpId="-1" />
  </MessageCell>
  <MessageCell ServiceId="80" MessageId="30" MessageClass="Warning" Timestamp="1/24/2026 3:29:00 PM">
    <Number ServiceNumber="80" MessageNumber="30" />
    <Text FeedbackText="Project element: '\cpu1212pn\ControllerDataTypeFolder\sTimers\UDT_TP_Time' - Checksum inconsistency for 'General'." />
    <Help HelpId="-1" />
  </MessageCell>
  <MessageCell ServiceId="80" MessageId="30" MessageClass="Warning" Timestamp="1/24/2026 3:29:00 PM">
    <Number ServiceNumber="80" MessageNumber="30" />
    <Text FeedbackText="Project element: '\cpu1212pn\ControllerDataTypeFolder\sTower_Light_STS_Outputs' - Checksum inconsistency for 'General'." />
    <Help HelpId="-1" />
  </MessageCell>
  <MessageCell ServiceId="80" MessageId="30" MessageClass="Warning" Timestamp="1/24/2026 3:29:00 PM">
    <Number ServiceNumber="80" MessageNumber="30" />
    <Text FeedbackText="Project element: '\cpu1212pn\ControllerDataTypeFolder\UDT_TowerLight' - Checksum inconsistency for 'General'." />
    <Help HelpId="-1" />
  </MessageCell>
  <MessageCell ServiceId="80" MessageId="30" MessageClass="Warning" Timestamp="1/24/2026 3:29:00 PM">
    <Number ServiceNumber="80" MessageNumber="30" />
    <Text FeedbackText="Project element: '\cpu1212pn\ControllerDataTypeFolder\UDT_DeviceDiagnostics' - Checksum inconsistency for 'General'." />
    <Help HelpId="-1" />
  </MessageCell>
  <MessageCell ServiceId="80" MessageId="30" MessageClass="Warning" Timestamp="1/24/2026 3:29:00 PM">
    <Number ServiceNumber="80" MessageNumber="30" />
    <Text FeedbackText="Project element: '\cpu1212pn\ControllerDataTypeFolder\sPlatform' - Checksum inconsistency for 'General'." />
    <Help HelpId="-1" />
  </MessageCell>
  <MessageCell ServiceId="80" MessageId="30" MessageClass="Warning" Timestamp="1/24/2026 3:29:00 PM">
    <Number ServiceNumber="80" MessageNumber="30" />
    <Text FeedbackText="Project element: '\cpu1212pn\ControllerDataTypeFolder\sStation' - Checksum inconsistency for 'General'." />
    <Help HelpId="-1" />
  </MessageCell>
  <Details ServiceId="80" MessageId="30" Timestamp="1/24/2026 3:29:02 PM" Debug="false">
    <Text>HmiConvert: Started conversion section.</Text>
  </Details>
  <Details ServiceId="80" MessageId="30" Timestamp="1/24/2026 3:29:02 PM" Debug="false">
    <Text>HmiConvert: Starting conversion step &lt;Siemens.Simatic.Hmi.Tag.Managers.Scan:Siemens.Simatic.Hmi.Utah.Tag.RootTagConvertSynchronization.ResynchronizeRootTag&gt;.</Text>
  </Details>
  <Details ServiceId="80" MessageId="30" Timestamp="1/24/2026 3:29:05 PM" Debug="false">
    <Text>HmiConvert: Finished conversion step &lt;Siemens.Simatic.Hmi.Tag.Managers.Scan:Siemens.Simatic.Hmi.Utah.Tag.RootTagConvertSynchronization.ResynchronizeRootTag&gt;.</Text>
  </Details>
  <Details ServiceId="80" MessageId="30" Timestamp="1/24/2026 3:29:05 PM" Debug="false">
    <Text>HmiConvert: Starting conversion step &lt;Siemens.Simatic.Hmi.Dynamics.Service.Scan:Siemens.Simatic.Hmi.BL.Dynamics.Convert.DynamicsMultipleBitConverter.AddingBitmaskType&gt;.</Text>
  </Details>
  <Details ServiceId="80" MessageId="30" Timestamp="1/24/2026 3:29:05 PM" Debug="false">
    <Text>HmiConvert: Finished conversion step &lt;Siemens.Simatic.Hmi.Dynamics.Service.Scan:Siemens.Simatic.Hmi.BL.Dynamics.Convert.DynamicsMultipleBitConverter.AddingBitmaskType&gt;.</Text>
  </Details>
  <Details ServiceId="80" MessageId="30" Timestamp="1/24/2026 3:29:05 PM" Debug="false">
    <Text>HmiConvert: Starting conversion step &lt;Siemens.Simatic.Hmi.BL.FaceplateLib:Siemens.Simatic.Hmi.BL.FaceplateLib.Convert.ConvertInterfaceTagsFromV17.Convert&gt;.</Text>
  </Details>
  <Details ServiceId="80" MessageId="30" Timestamp="1/24/2026 3:29:05 PM" Debug="false">
    <Text>HmiConvert: Finished conversion step &lt;Siemens.Simatic.Hmi.BL.FaceplateLib:Siemens.Simatic.Hmi.BL.FaceplateLib.Convert.ConvertInterfaceTagsFromV17.Convert&gt;.</Text>
  </Details>
  <Details ServiceId="80" MessageId="30" Timestamp="1/24/2026 3:29:05 PM" Debug="false">
    <Text>HmiConvert: Starting conversion step &lt;Siemens.Simatic.Hmi.BL.FaceplateLib:Siemens.Simatic.Hmi.BL.FaceplateLib.Convert.RepairFaceplateInterfaceTagPropertiesUnifiedUdts.Convert&gt;.</Text>
  </Details>
  <Details ServiceId="80" MessageId="30" Timestamp="1/24/2026 3:29:05 PM" Debug="false">
    <Text>HmiConvert: Finished conversion step &lt;Siemens.Simatic.Hmi.BL.FaceplateLib:Siemens.Simatic.Hmi.BL.FaceplateLib.Convert.RepairFaceplateInterfaceTagPropertiesUnifiedUdts.Convert&gt;.</Text>
  </Details>
  <Details ServiceId="80" MessageId="30" Timestamp="1/24/2026 3:29:05 PM" Debug="false">
    <Text>HmiConvert: Starting conversion step &lt;Siemens.Simatic.Hmi.BL.FaceplateLib:Siemens.Simatic.Hmi.BL.FaceplateLib.Convert.ConvertFromV17.ConvertFaceplateVersions&gt;.</Text>
  </Details>
  <Details ServiceId="80" MessageId="30" Timestamp="1/24/2026 3:29:05 PM" Debug="false">
    <Text>HmiConvert: Finished conversion step &lt;Siemens.Simatic.Hmi.BL.FaceplateLib:Siemens.Simatic.Hmi.BL.FaceplateLib.Convert.ConvertFromV17.ConvertFaceplateVersions&gt;.</Text>
  </Details>
  <Details ServiceId="80" MessageId="30" Timestamp="1/24/2026 3:29:05 PM" Debug="false">
    <Text>HmiConvert: Starting conversion step &lt;Siemens.Simatic.Hmi.BL.FaceplateLib:Siemens.Simatic.Hmi.BL.FaceplateLib.Convert.RepairDependsOnRelation.Convert&gt;.</Text>
  </Details>
  <Details ServiceId="80" MessageId="30" Timestamp="1/24/2026 3:29:05 PM" Debug="false">
    <Text>HmiConvert: Finished conversion step &lt;Siemens.Simatic.Hmi.BL.FaceplateLib:Siemens.Simatic.Hmi.BL.FaceplateLib.Convert.RepairDependsOnRelation.Convert&gt;.</Text>
  </Details>
  <Details ServiceId="80" MessageId="30" Timestamp="1/24/2026 3:29:05 PM" Debug="false">
    <Text>HmiConvert: Starting conversion step &lt;Siemens.Simatic.Hmi.BL.ModernUI.DynamicScreenItems:Siemens.Simatic.Hmi.BL.ModernUI.DynamicScreenItems.CustomControl.ConverterService.CustomWebControlHashConverter.ConvertHashCodeFromMD5ToSHA256&gt;.</Text>
  </Details>
  <Details ServiceId="80" MessageId="30" Timestamp="1/24/2026 3:29:05 PM" Debug="false">
    <Text>HmiConvert: Finished conversion step &lt;Siemens.Simatic.Hmi.BL.ModernUI.DynamicScreenItems:Siemens.Simatic.Hmi.BL.ModernUI.DynamicScreenItems.CustomControl.ConverterService.CustomWebControlHashConverter.ConvertHashCodeFromMD5ToSHA256&gt;.</Text>
  </Details>
  <Details ServiceId="80" MessageId="30" Timestamp="1/24/2026 3:29:05 PM" Debug="false">
    <Text>HmiConvert: Starting conversion step &lt;Siemens.Simatic.Hmi.BL.ModernUI:Siemens.Simatic.Hmi.BL.ModernUI.Convert.DynamicScreenItemConverter.UpdateOutdatedDynamicScreenItems&gt;.</Text>
  </Details>
  <Details ServiceId="80" MessageId="30" Timestamp="1/24/2026 3:29:11 PM" Debug="false">
    <Text>HmiConvert: Finished conversion step &lt;Siemens.Simatic.Hmi.BL.ModernUI:Siemens.Simatic.Hmi.BL.ModernUI.Convert.DynamicScreenItemConverter.UpdateOutdatedDynamicScreenItems&gt;.</Text>
  </Details>
  <Details ServiceId="80" MessageId="30" Timestamp="1/24/2026 3:29:11 PM" Debug="false">
    <Text>HmiConvert: Starting conversion step &lt;Siemens.Simatic.Hmi.BL.ModernUI:Siemens.Simatic.Hmi.BL.ModernUI.CheckRepair.ProjectUpgrades.ActionUpgrade.Repair&gt;.</Text>
  </Details>
  <Details ServiceId="80" MessageId="30" Timestamp="1/24/2026 3:29:11 PM" Debug="false">
    <Text>HmiConvert: Finished conversion step &lt;Siemens.Simatic.Hmi.BL.ModernUI:Siemens.Simatic.Hmi.BL.ModernUI.CheckRepair.ProjectUpgrades.ActionUpgrade.Repair&gt;.</Text>
  </Details>
  <Details ServiceId="80" MessageId="30" Timestamp="1/24/2026 3:29:11 PM" Debug="false">
    <Text>HmiConvert: Starting conversion step &lt;Siemens.Simatic.Hmi.GraphX.GraphXManagers.Scan:Siemens.Simatic.Hmi.Utah.GraphX.PhaseConverter.RepairMissingFontsInReferenceExpando&gt;.</Text>
  </Details>
  <Details ServiceId="80" MessageId="30" Timestamp="1/24/2026 3:29:11 PM" Debug="false">
    <Text>HmiConvert: Finished conversion step &lt;Siemens.Simatic.Hmi.GraphX.GraphXManagers.Scan:Siemens.Simatic.Hmi.Utah.GraphX.PhaseConverter.RepairMissingFontsInReferenceExpando&gt;.</Text>
  </Details>
  <Details ServiceId="80" MessageId="30" Timestamp="1/24/2026 3:29:11 PM" Debug="false">
    <Text>HmiConvert: Starting conversion step &lt;Siemens.Simatic.Hmi.Styles.Managers.Scan:Siemens.Simatic.Hmi.Utah.Styles.HmiStyleConverter.RepairStylesAfterConvert&gt;.</Text>
  </Details>
  <Details ServiceId="80" MessageId="30" Timestamp="1/24/2026 3:29:11 PM" Debug="false">
    <Text>HmiConvert: Finished conversion step &lt;Siemens.Simatic.Hmi.Styles.Managers.Scan:Siemens.Simatic.Hmi.Utah.Styles.HmiStyleConverter.RepairStylesAfterConvert&gt;.</Text>
  </Details>
  <Details ServiceId="80" MessageId="30" Timestamp="1/24/2026 3:29:11 PM" Debug="false">
    <Text>HmiConvert: Starting conversion step &lt;Siemens.Simatic.Hmi.BL.Scripting.Scan:Siemens.Simatic.Hmi.BL.Scripting.Migrations.ScriptReferenceBLConverterWithResolverForOldLayers.ResolveScriptReferencesDuringConvert&gt;.</Text>
  </Details>
  <Details ServiceId="80" MessageId="30" Timestamp="1/24/2026 3:29:11 PM" Debug="false">
    <Text>HmiConvert: Finished conversion step &lt;Siemens.Simatic.Hmi.BL.Scripting.Scan:Siemens.Simatic.Hmi.BL.Scripting.Migrations.ScriptReferenceBLConverterWithResolverForOldLayers.ResolveScriptReferencesDuringConvert&gt;.</Text>
  </Details>
  <Details ServiceId="80" MessageId="30" Timestamp="1/24/2026 3:29:11 PM" Debug="false">
    <Text>HmiConvert: Starting conversion step &lt;Siemens.Simatic.Hmi.BL.ModernUI:Siemens.Simatic.Hmi.BL.ModernUI.Convert.FaceplateDependsOnConverter.RepairDependsOnRelations&gt;.</Text>
  </Details>
  <Details ServiceId="80" MessageId="30" Timestamp="1/24/2026 3:29:11 PM" Debug="false">
    <Text>HmiConvert: Finished conversion step &lt;Siemens.Simatic.Hmi.BL.ModernUI:Siemens.Simatic.Hmi.BL.ModernUI.Convert.FaceplateDependsOnConverter.RepairDependsOnRelations&gt;.</Text>
  </Details>
  <Details ServiceId="80" MessageId="30" Timestamp="1/24/2026 3:29:11 PM" Debug="false">
    <Text>HmiConvert: Starting conversion step &lt;Siemens.Simatic.Hmi.BL.Scripting.Scan:Siemens.Simatic.Hmi.BL.Scripting.Migrations.ScriptExternalReferencesUpgrade.RepairExternalScriptReferencesDuringUpgrade&gt;.</Text>
  </Details>
  <Details ServiceId="80" MessageId="30" Timestamp="1/24/2026 3:29:11 PM" Debug="false">
    <Text>HmiConvert: Finished conversion step &lt;Siemens.Simatic.Hmi.BL.Scripting.Scan:Siemens.Simatic.Hmi.BL.Scripting.Migrations.ScriptExternalReferencesUpgrade.RepairExternalScriptReferencesDuringUpgrade&gt;.</Text>
  </Details>
  <Details ServiceId="80" MessageId="30" Timestamp="1/24/2026 3:29:11 PM" Debug="false">
    <Text>HmiConvert: Starting conversion step &lt;Siemens.Simatic.Hmi.BL.SystemFunctions.Scan:Siemens.Simatic.Hmi.BL.SystemFunctions.Convert.FunctionListExternalReferencesUpgrade.RepairExternalFunctionListReferencesDuringUpgrade&gt;.</Text>
  </Details>
  <Details ServiceId="80" MessageId="30" Timestamp="1/24/2026 3:29:11 PM" Debug="false">
    <Text>HmiConvert: Finished conversion step &lt;Siemens.Simatic.Hmi.BL.SystemFunctions.Scan:Siemens.Simatic.Hmi.BL.SystemFunctions.Convert.FunctionListExternalReferencesUpgrade.RepairExternalFunctionListReferencesDuringUpgrade&gt;.</Text>
  </Details>
  <Details ServiceId="80" MessageId="30" Timestamp="1/24/2026 3:29:11 PM" Debug="false">
    <Text>HmiConvert: Starting conversion step &lt;Siemens.Simatic.Hmi.BL.FaceplateLib:Siemens.Simatic.Hmi.BL.FaceplateLib.Convert.RepairDependsOnRelation.SecondConvert&gt;.</Text>
  </Details>
  <Details ServiceId="80" MessageId="30" Timestamp="1/24/2026 3:29:11 PM" Debug="false">
    <Text>HmiConvert: Finished conversion step &lt;Siemens.Simatic.Hmi.BL.FaceplateLib:Siemens.Simatic.Hmi.BL.FaceplateLib.Convert.RepairDependsOnRelation.SecondConvert&gt;.</Text>
  </Details>
  <Details ServiceId="80" MessageId="30" Timestamp="1/24/2026 3:29:11 PM" Debug="false">
    <Text>HmiConvert: Starting conversion step &lt;Siemens.Simatic.Hmi.BL.ILStyles:Siemens.Simatic.Hmi.BL.ILStyles.Convert.StyleItemExtender.AdaptModel&gt;.</Text>
  </Details>
  <Details ServiceId="80" MessageId="30" Timestamp="1/24/2026 3:29:11 PM" Debug="false">
    <Text>HmiConvert: Finished conversion step &lt;Siemens.Simatic.Hmi.BL.ILStyles:Siemens.Simatic.Hmi.BL.ILStyles.Convert.StyleItemExtender.AdaptModel&gt;.</Text>
  </Details>
  <Details ServiceId="80" MessageId="30" Timestamp="1/24/2026 3:29:11 PM" Debug="false">
    <Text>HmiConvert: Starting conversion step &lt;Siemens.Simatic.Hmi.BL.ILDevice.HmiOpcUaServerRuntimeSettings.Scan:Siemens.Simatic.Hmi.BL.ILDevice.HmiOpcUaServerRuntimeSettings.HmiOpcUaServerRuntimeSettingsConverter.CreateOpcUaServerRuntimeSettings&gt;.</Text>
  </Details>
  <Details ServiceId="80" MessageId="30" Timestamp="1/24/2026 3:29:11 PM" Debug="false">
    <Text>HmiConvert: Finished conversion step &lt;Siemens.Simatic.Hmi.BL.ILDevice.HmiOpcUaServerRuntimeSettings.Scan:Siemens.Simatic.Hmi.BL.ILDevice.HmiOpcUaServerRuntimeSettings.HmiOpcUaServerRuntimeSettingsConverter.CreateOpcUaServerRuntimeSettings&gt;.</Text>
  </Details>
  <Details ServiceId="80" MessageId="30" Timestamp="1/24/2026 3:29:11 PM" Debug="false">
    <Text>HmiConvert: Starting conversion step &lt;Siemens.Simatic.Hmi.BL.FaceplateLib:Siemens.Simatic.Hmi.BL.FaceplateLib.Convert.CommonDataFaceplateConverter.MoveHmiImageDataFromFaceplateVersionToGraphicVersion&gt;.</Text>
  </Details>
  <Details ServiceId="80" MessageId="30" Timestamp="1/24/2026 3:29:12 PM" Debug="false">
    <Text>HmiConvert: Finished conversion step &lt;Siemens.Simatic.Hmi.BL.FaceplateLib:Siemens.Simatic.Hmi.BL.FaceplateLib.Convert.CommonDataFaceplateConverter.MoveHmiImageDataFromFaceplateVersionToGraphicVersion&gt;.</Text>
  </Details>
  <Details ServiceId="80" MessageId="30" Timestamp="1/24/2026 3:29:12 PM" Debug="false">
    <Text>HmiConvert: Starting conversion step &lt;Siemens.Simatic.Hmi.BL.Reporting:Siemens.Simatic.Hmi.BL.Reporting.Convert.HmiReportingSettingsConverter.CreateReportingRuntimeSettings&gt;.</Text>
  </Details>
  <Details ServiceId="80" MessageId="30" Timestamp="1/24/2026 3:29:12 PM" Debug="false">
    <Text>HmiConvert: Finished conversion step &lt;Siemens.Simatic.Hmi.BL.Reporting:Siemens.Simatic.Hmi.BL.Reporting.Convert.HmiReportingSettingsConverter.CreateReportingRuntimeSettings&gt;.</Text>
  </Details>
  <Details ServiceId="80" MessageId="30" Timestamp="1/24/2026 3:29:12 PM" Debug="false">
    <Text>HmiConvert: Starting conversion step &lt;Siemens.Simatic.Hmi.BL.ILDevice.HmiILProcessDiagnosticsRuntimeSettings.Scan:Siemens.Simatic.Hmi.BL.ILDevice.HmiILProcessDiagnosticsRuntimeSettings.HmiProcessDiagnosticsRuntimeSettingsConverter.CreateProcessDiagnosticsRuntimeSettings&gt;.</Text>
  </Details>
  <Details ServiceId="80" MessageId="30" Timestamp="1/24/2026 3:29:12 PM" Debug="false">
    <Text>HmiConvert: Finished conversion step &lt;Siemens.Simatic.Hmi.BL.ILDevice.HmiILProcessDiagnosticsRuntimeSettings.Scan:Siemens.Simatic.Hmi.BL.ILDevice.HmiILProcessDiagnosticsRuntimeSettings.HmiProcessDiagnosticsRuntimeSettingsConverter.CreateProcessDiagnosticsRuntimeSettings&gt;.</Text>
  </Details>
  <Details ServiceId="80" MessageId="30" Timestamp="1/24/2026 3:29:12 PM" Debug="false">
    <Text>HmiConvert: Starting conversion step &lt;Siemens.Simatic.Hmi.BL.ImageLib:Siemens.Simatic.Hmi.BL.ImageLib.Convert.ConvertFromV17.ConvertImageLibraryVersionData&gt;.</Text>
  </Details>
  <Details ServiceId="80" MessageId="30" Timestamp="1/24/2026 3:29:12 PM" Debug="false">
    <Text>HmiConvert: Finished conversion step &lt;Siemens.Simatic.Hmi.BL.ImageLib:Siemens.Simatic.Hmi.BL.ImageLib.Convert.ConvertFromV17.ConvertImageLibraryVersionData&gt;.</Text>
  </Details>
  <Details ServiceId="80" MessageId="30" Timestamp="1/24/2026 3:29:12 PM" Debug="false">
    <Text>HmiConvert: Starting conversion step &lt;Siemens.Simatic.Hmi.Alarm.Managers.Scan:Siemens.Simatic.Hmi.Utah.Alarm.AlarmDataConverterWithHmiBl.ConvertTagBitCombinationForILDevices&gt;.</Text>
  </Details>
  <Details ServiceId="80" MessageId="30" Timestamp="1/24/2026 3:29:12 PM" Debug="false">
    <Text>HmiConvert: Finished conversion step &lt;Siemens.Simatic.Hmi.Alarm.Managers.Scan:Siemens.Simatic.Hmi.Utah.Alarm.AlarmDataConverterWithHmiBl.ConvertTagBitCombinationForILDevices&gt;.</Text>
  </Details>
  <Details ServiceId="80" MessageId="30" Timestamp="1/24/2026 3:29:12 PM" Debug="false">
    <Text>HmiConvert: Starting conversion step &lt;Siemens.Simatic.Hmi.Alarm.Managers.Scan:Siemens.Simatic.Hmi.Utah.Alarm.AlarmDataConverterWithHmiBl.ConvertIntegratedAlarmClasses&gt;.</Text>
  </Details>
  <Details ServiceId="80" MessageId="30" Timestamp="1/24/2026 3:29:12 PM" Debug="false">
    <Text>HmiConvert: Finished conversion step &lt;Siemens.Simatic.Hmi.Alarm.Managers.Scan:Siemens.Simatic.Hmi.Utah.Alarm.AlarmDataConverterWithHmiBl.ConvertIntegratedAlarmClasses&gt;.</Text>
  </Details>
  <Details ServiceId="80" MessageId="30" Timestamp="1/24/2026 3:29:12 PM" Debug="false">
    <Text>HmiConvert: Starting conversion step &lt;Siemens.Simatic.Hmi.Alarm.Managers.Scan:Siemens.Simatic.Hmi.Utah.Alarm.AlarmPartnerIdConverter.RepairPartnerId&gt;.</Text>
  </Details>
  <Details ServiceId="80" MessageId="30" Timestamp="1/24/2026 3:29:12 PM" Debug="false">
    <Text>HmiConvert: Finished conversion step &lt;Siemens.Simatic.Hmi.Alarm.Managers.Scan:Siemens.Simatic.Hmi.Utah.Alarm.AlarmPartnerIdConverter.RepairPartnerId&gt;.</Text>
  </Details>
  <Details ServiceId="80" MessageId="30" Timestamp="1/24/2026 3:29:12 PM" Debug="false">
    <Text>HmiConvert: Starting conversion step &lt;Siemens.Simatic.Hmi.BL.SystemFunctions.Scan:Siemens.Simatic.Hmi.BL.SystemFunctions.Migrations.FunctionListGlobalFunctionReferencesAutoRepair.Repair&gt;.</Text>
  </Details>
  <Details ServiceId="80" MessageId="30" Timestamp="1/24/2026 3:29:12 PM" Debug="false">
    <Text>HmiConvert: Finished conversion step &lt;Siemens.Simatic.Hmi.BL.SystemFunctions.Scan:Siemens.Simatic.Hmi.BL.SystemFunctions.Migrations.FunctionListGlobalFunctionReferencesAutoRepair.Repair&gt;.</Text>
  </Details>
  <Details ServiceId="80" MessageId="30" Timestamp="1/24/2026 3:29:12 PM" Debug="false">
    <Text>HmiConvert: Starting conversion step &lt;Siemens.Simatic.Hmi.BL.SystemFunctions.Scan:Siemens.Simatic.Hmi.BL.SystemFunctions.Migrations.FunctionListUnusedImportsAutoRepair.Repair&gt;.</Text>
  </Details>
  <Details ServiceId="80" MessageId="30" Timestamp="1/24/2026 3:29:12 PM" Debug="false">
    <Text>HmiConvert: Finished conversion step &lt;Siemens.Simatic.Hmi.BL.SystemFunctions.Scan:Siemens.Simatic.Hmi.BL.SystemFunctions.Migrations.FunctionListUnusedImportsAutoRepair.Repair&gt;.</Text>
  </Details>
  <Details ServiceId="80" MessageId="30" Timestamp="1/24/2026 3:29:12 PM" Debug="false">
    <Text>HmiConvert: Starting conversion step &lt;Siemens.Simatic.Hmi.BL.FaceplateLib:Siemens.Simatic.Hmi.BL.FaceplateLib.Convert.RepairFaceplateDevice.DeleteForbiddenObjects&gt;.</Text>
  </Details>
  <Details ServiceId="80" MessageId="30" Timestamp="1/24/2026 3:29:12 PM" Debug="false">
    <Text>HmiConvert: Finished conversion step &lt;Siemens.Simatic.Hmi.BL.FaceplateLib:Siemens.Simatic.Hmi.BL.FaceplateLib.Convert.RepairFaceplateDevice.DeleteForbiddenObjects&gt;.</Text>
  </Details>
  <Details ServiceId="80" MessageId="30" Timestamp="1/24/2026 3:29:12 PM" Debug="false">
    <Text>HmiConvert: Starting conversion step &lt;Siemens.Simatic.Hmi.BL.Alarm.OpcUa:Siemens.Simatic.Hmi.BL.Alarm.OpcUa.Convert.OpcUaAlarmConverter.CreateMultiInstanceAlarmForOpcUaAlarmType&gt;.</Text>
  </Details>
  <Details ServiceId="80" MessageId="30" Timestamp="1/24/2026 3:29:12 PM" Debug="false">
    <Text>HmiConvert: Finished conversion step &lt;Siemens.Simatic.Hmi.BL.Alarm.OpcUa:Siemens.Simatic.Hmi.BL.Alarm.OpcUa.Convert.OpcUaAlarmConverter.CreateMultiInstanceAlarmForOpcUaAlarmType&gt;.</Text>
  </Details>
  <Details ServiceId="80" MessageId="30" Timestamp="1/24/2026 3:29:12 PM" Debug="false">
    <Text>HmiConvert: Starting conversion step &lt;Siemens.Simatic.Hmi.Globalization.Managers.Scan:Siemens.Simatic.Hmi.Utah.Globalization.FontConvert.RepairCrossEnvironmentLinksViaHmiBl&gt;.</Text>
  </Details>
  <Details ServiceId="80" MessageId="30" Timestamp="1/24/2026 3:29:12 PM" Debug="false">
    <Text>HmiConvert: Finished conversion step &lt;Siemens.Simatic.Hmi.Globalization.Managers.Scan:Siemens.Simatic.Hmi.Utah.Globalization.FontConvert.RepairCrossEnvironmentLinksViaHmiBl&gt;.</Text>
  </Details>
  <Details ServiceId="80" MessageId="30" Timestamp="1/24/2026 3:29:12 PM" Debug="false">
    <Text>HmiConvert: Starting conversion step &lt;Siemens.Simatic.Hmi.BL.ILStyles:Siemens.Simatic.Hmi.BL.ILStyles.Convert.ReferenceExpandoAttributesConverter.Convert&gt;.</Text>
  </Details>
  <Details ServiceId="80" MessageId="30" Timestamp="1/24/2026 3:29:12 PM" Debug="false">
    <Text>HmiConvert: Finished conversion step &lt;Siemens.Simatic.Hmi.BL.ILStyles:Siemens.Simatic.Hmi.BL.ILStyles.Convert.ReferenceExpandoAttributesConverter.Convert&gt;.</Text>
  </Details>
  <Details ServiceId="80" MessageId="30" Timestamp="1/24/2026 3:29:12 PM" Debug="false">
    <Text>HmiConvert: Starting conversion step &lt;Siemens.Simatic.Hmi.BL.ILDevice.HmiRuntimeResourceSettings.Scan:Siemens.Simatic.Hmi.BL.ILDevice.HmiRuntimeResourceSettings.HmiRuntimeResourceSettingsConverter.CreateRuntimeResourceSettings&gt;.</Text>
  </Details>
  <Details ServiceId="80" MessageId="30" Timestamp="1/24/2026 3:29:12 PM" Debug="false">
    <Text>HmiConvert: Finished conversion step &lt;Siemens.Simatic.Hmi.BL.ILDevice.HmiRuntimeResourceSettings.Scan:Siemens.Simatic.Hmi.BL.ILDevice.HmiRuntimeResourceSettings.HmiRuntimeResourceSettingsConverter.CreateRuntimeResourceSettings&gt;.</Text>
  </Details>
  <Details ServiceId="80" MessageId="30" Timestamp="1/24/2026 3:29:12 PM" Debug="false">
    <Text>HmiConvert: Starting conversion step &lt;Siemens.Simatic.Hmi.BL.Umac:Siemens.Simatic.Hmi.BL.Umac.Convert.RenameAndUpdateCentralUmacRuntimeSettingsOfHmiILDevices.RenameAndUpdateCentralUmacRuntimeSettings&gt;.</Text>
  </Details>
  <Details ServiceId="80" MessageId="30" Timestamp="1/24/2026 3:29:12 PM" Debug="false">
    <Text>HmiConvert: Finished conversion step &lt;Siemens.Simatic.Hmi.BL.Umac:Siemens.Simatic.Hmi.BL.Umac.Convert.RenameAndUpdateCentralUmacRuntimeSettingsOfHmiILDevices.RenameAndUpdateCentralUmacRuntimeSettings&gt;.</Text>
  </Details>
  <Details ServiceId="80" MessageId="30" Timestamp="1/24/2026 3:29:12 PM" Debug="false">
    <Text>HmiConvert: Starting conversion step &lt;Siemens.Simatic.Hmi.Dynamics.Service.Scan:Siemens.Simatic.Hmi.Utah.Dynamics.BL.Dynamics.Triggers.Convert.TagTriggerTrefConvert.RepairTagTriggerTref&gt;.</Text>
  </Details>
  <Details ServiceId="80" MessageId="30" Timestamp="1/24/2026 3:29:12 PM" Debug="false">
    <Text>HmiConvert: Finished conversion step &lt;Siemens.Simatic.Hmi.Dynamics.Service.Scan:Siemens.Simatic.Hmi.Utah.Dynamics.BL.Dynamics.Triggers.Convert.TagTriggerTrefConvert.RepairTagTriggerTref&gt;.</Text>
  </Details>
  <Details ServiceId="80" MessageId="30" Timestamp="1/24/2026 3:29:12 PM" Debug="false">
    <Text>HmiConvert: Starting conversion step &lt;Siemens.Simatic.Hmi.BL.ModernUI:Siemens.Simatic.Hmi.BL.ModernUI.Convert.FaceplateContainerConverter.Convert&gt;.</Text>
  </Details>
  <Details ServiceId="80" MessageId="30" Timestamp="1/24/2026 3:29:12 PM" Debug="false">
    <Text>HmiConvert: Finished conversion step &lt;Siemens.Simatic.Hmi.BL.ModernUI:Siemens.Simatic.Hmi.BL.ModernUI.Convert.FaceplateContainerConverter.Convert&gt;.</Text>
  </Details>
  <Details ServiceId="80" MessageId="30" Timestamp="1/24/2026 3:29:12 PM" Debug="false">
    <Text>HmiConvert: Starting conversion step &lt;Siemens.Simatic.Hmi.GraphX.GraphXManagers.Scan:Siemens.Simatic.Hmi.Utah.GraphX.PhaseConverter.RepairCorruptHmiSoftkeys&gt;.</Text>
  </Details>
  <Details ServiceId="80" MessageId="30" Timestamp="1/24/2026 3:29:12 PM" Debug="false">
    <Text>HmiConvert: Finished conversion step &lt;Siemens.Simatic.Hmi.GraphX.GraphXManagers.Scan:Siemens.Simatic.Hmi.Utah.GraphX.PhaseConverter.RepairCorruptHmiSoftkeys&gt;.</Text>
  </Details>
  <Details ServiceId="80" MessageId="30" Timestamp="1/24/2026 3:29:12 PM" Debug="false">
    <Text>HmiConvert: Starting conversion step &lt;Siemens.Simatic.Hmi.Dynamics.Service.Scan:Siemens.Simatic.Hmi.Utah.Dynamics.BL.Dynamics.Triggers.Convert.TagTriggerTrefConvert.RepairTagTriggerTref&gt;.</Text>
  </Details>
  <Details ServiceId="80" MessageId="30" Timestamp="1/24/2026 3:29:12 PM" Debug="false">
    <Text>HmiConvert: Finished conversion step &lt;Siemens.Simatic.Hmi.Dynamics.Service.Scan:Siemens.Simatic.Hmi.Utah.Dynamics.BL.Dynamics.Triggers.Convert.TagTriggerTrefConvert.RepairTagTriggerTref&gt;.</Text>
  </Details>
  <Details ServiceId="80" MessageId="30" Timestamp="1/24/2026 3:29:12 PM" Debug="false">
    <Text>HmiConvert: Starting conversion step &lt;Siemens.Simatic.Hmi.Common.IL.StorageDevices:Siemens.Simatic.Hmi.Common.IL.StorageDevices.ProjectUpgrade.RepairStorageDeviceMedium.RepairSystemTagsForStorageDevices&gt;.</Text>
  </Details>
  <Details ServiceId="80" MessageId="30" Timestamp="1/24/2026 3:29:12 PM" Debug="false">
    <Text>HmiConvert: Finished conversion step &lt;Siemens.Simatic.Hmi.Common.IL.StorageDevices:Siemens.Simatic.Hmi.Common.IL.StorageDevices.ProjectUpgrade.RepairStorageDeviceMedium.RepairSystemTagsForStorageDevices&gt;.</Text>
  </Details>
  <Details ServiceId="80" MessageId="30" Timestamp="1/24/2026 3:29:12 PM" Debug="false">
    <Text>HmiConvert: Starting conversion step &lt;Siemens.Simatic.Hmi.Alarm.Managers.Scan:Siemens.Simatic.Hmi.Utah.Alarm.AlarmDataConverterWithHmiBl.RepairSystemEventsDefaultTexts&gt;.</Text>
  </Details>
  <Details ServiceId="80" MessageId="30" Timestamp="1/24/2026 3:29:12 PM" Debug="false">
    <Text>HmiConvert: Finished conversion step &lt;Siemens.Simatic.Hmi.Alarm.Managers.Scan:Siemens.Simatic.Hmi.Utah.Alarm.AlarmDataConverterWithHmiBl.RepairSystemEventsDefaultTexts&gt;.</Text>
  </Details>
  <Details ServiceId="80" MessageId="30" Timestamp="1/24/2026 3:29:12 PM" Debug="false">
    <Text>HmiConvert: Starting conversion step &lt;Siemens.Simatic.Hmi.TextGraphicLists.Managers.Scan:Siemens.Simatic.Hmi.Utah.TextAndGraphicLists.Convert.SystemTextListConverter.RepairInvalidSystemTextListAttributes&gt;.</Text>
  </Details>
  <Details ServiceId="80" MessageId="30" Timestamp="1/24/2026 3:29:12 PM" Debug="false">
    <Text>HmiConvert: Finished conversion step &lt;Siemens.Simatic.Hmi.TextGraphicLists.Managers.Scan:Siemens.Simatic.Hmi.Utah.TextAndGraphicLists.Convert.SystemTextListConverter.RepairInvalidSystemTextListAttributes&gt;.</Text>
  </Details>
  <Details ServiceId="80" MessageId="30" Timestamp="1/24/2026 3:29:12 PM" Debug="false">
    <Text>HmiConvert: Starting conversion step &lt;Siemens.Simatic.Hmi.Tag.Managers.Scan:Siemens.Simatic.Hmi.Utah.Tag.SystemTagScopeConverter.SetScopeForSystemTags&gt;.</Text>
  </Details>
  <Details ServiceId="80" MessageId="30" Timestamp="1/24/2026 3:29:12 PM" Debug="false">
    <Text>HmiConvert: Finished conversion step &lt;Siemens.Simatic.Hmi.Tag.Managers.Scan:Siemens.Simatic.Hmi.Utah.Tag.SystemTagScopeConverter.SetScopeForSystemTags&gt;.</Text>
  </Details>
  <Details ServiceId="80" MessageId="30" Timestamp="1/24/2026 3:29:12 PM" Debug="false">
    <Text>HmiConvert: Starting conversion step &lt;Siemens.Simatic.Hmi.Communication.Managers.Scan:Siemens.Simatic.Hmi.Utah.Communication.ConvertV21.ConnectionSecurePLCConnectionConverter.AddSecurePLCConnectionToProtocolValues&gt;.</Text>
  </Details>
  <Details ServiceId="80" MessageId="30" Timestamp="1/24/2026 3:29:12 PM" Debug="false">
    <Text>HmiConvert: Finished conversion step &lt;Siemens.Simatic.Hmi.Communication.Managers.Scan:Siemens.Simatic.Hmi.Utah.Communication.ConvertV21.ConnectionSecurePLCConnectionConverter.AddSecurePLCConnectionToProtocolValues&gt;.</Text>
  </Details>
  <Details ServiceId="80" MessageId="30" Timestamp="1/24/2026 3:29:12 PM" Debug="false">
    <Text>HmiConvert: Starting conversion step &lt;Siemens.Simatic.Hmi.BL.Reserve.Scan:Siemens.Simatic.Hmi.BL.Reserve.HmiReserveDataConverter.CheckAllReserveDataConverted&gt;.</Text>
  </Details>
  <Details ServiceId="80" MessageId="30" Timestamp="1/24/2026 3:29:13 PM" Debug="false">
    <Text>HmiConvert: Finished conversion step &lt;Siemens.Simatic.Hmi.BL.Reserve.Scan:Siemens.Simatic.Hmi.BL.Reserve.HmiReserveDataConverter.CheckAllReserveDataConverted&gt;.</Text>
  </Details>
  <Details ServiceId="80" MessageId="30" Timestamp="1/24/2026 3:29:13 PM" Debug="false">
    <Text>HmiConvert: Starting conversion step &lt;Siemens.Simatic.Hmi.BL.Logging.Scan:Siemens.Simatic.Hmi.BL.Logging.Convert.HmiAuditLogDataConverter.CreateStorageDeviceInternalSystemTags&gt;.</Text>
  </Details>
  <Details ServiceId="80" MessageId="30" Timestamp="1/24/2026 3:29:13 PM" Debug="false">
    <Text>HmiConvert: Finished conversion step &lt;Siemens.Simatic.Hmi.BL.Logging.Scan:Siemens.Simatic.Hmi.BL.Logging.Convert.HmiAuditLogDataConverter.CreateStorageDeviceInternalSystemTags&gt;.</Text>
  </Details>
  <Details ServiceId="80" MessageId="30" Timestamp="1/24/2026 3:29:13 PM" Debug="false">
    <Text>HmiConvert: Starting conversion step &lt;Siemens.Simatic.Hmi.BL.FaceplateLib:Siemens.Simatic.Hmi.BL.FaceplateLib.Convert.FaceplateVersionTagCountingOptimizationConverter.AddUsedTagReferences&gt;.</Text>
  </Details>
  <Details ServiceId="80" MessageId="30" Timestamp="1/24/2026 3:29:13 PM" Debug="false">
    <Text>HmiConvert: Finished conversion step &lt;Siemens.Simatic.Hmi.BL.FaceplateLib:Siemens.Simatic.Hmi.BL.FaceplateLib.Convert.FaceplateVersionTagCountingOptimizationConverter.AddUsedTagReferences&gt;.</Text>
  </Details>
  <Details ServiceId="80" MessageId="30" Timestamp="1/24/2026 3:29:13 PM" Debug="false">
    <Text>HmiConvert: Starting conversion step &lt;Siemens.Simatic.Hmi.BL.ModernUI:Siemens.Simatic.Hmi.BL.ModernUI.Convert.FaceplateTagCountingOptimizationConverter.AddUsedTagReferences&gt;.</Text>
  </Details>
  <Details ServiceId="80" MessageId="30" Timestamp="1/24/2026 3:29:13 PM" Debug="false">
    <Text>HmiConvert: Finished conversion step &lt;Siemens.Simatic.Hmi.BL.ModernUI:Siemens.Simatic.Hmi.BL.ModernUI.Convert.FaceplateTagCountingOptimizationConverter.AddUsedTagReferences&gt;.</Text>
  </Details>
  <Details ServiceId="80" MessageId="30" Timestamp="1/24/2026 3:29:13 PM" Debug="false">
    <Text>HmiConvert: Starting conversion step &lt;Siemens.Simatic.Hmi.RuntimeIT.Managers.Scan:Siemens.Simatic.Hmi.Utah.RTSecurity.Upgrade.UpgradeRtSettingsUserAdministration.RepairUserAdministration&gt;.</Text>
  </Details>
  <Details ServiceId="80" MessageId="30" Timestamp="1/24/2026 3:29:13 PM" Debug="false">
    <Text>HmiConvert: Finished conversion step &lt;Siemens.Simatic.Hmi.RuntimeIT.Managers.Scan:Siemens.Simatic.Hmi.Utah.RTSecurity.Upgrade.UpgradeRtSettingsUserAdministration.RepairUserAdministration&gt;.</Text>
  </Details>
  <Details ServiceId="80" MessageId="30" Timestamp="1/24/2026 3:29:13 PM" Debug="false">
    <Text>HmiConvert: Starting conversion step &lt;Siemens.Simatic.Hmi.Alarm.Managers.Scan:Siemens.Simatic.Hmi.Utah.Alarm.CommonAlarmClassCrossDeviceLinkConverter.RepairCommonAlarmClasseslinkedWithWrongParent&gt;.</Text>
  </Details>
  <Details ServiceId="80" MessageId="30" Timestamp="1/24/2026 3:29:13 PM" Debug="false">
    <Text>HmiConvert: Finished conversion step &lt;Siemens.Simatic.Hmi.Alarm.Managers.Scan:Siemens.Simatic.Hmi.Utah.Alarm.CommonAlarmClassCrossDeviceLinkConverter.RepairCommonAlarmClasseslinkedWithWrongParent&gt;.</Text>
  </Details>
  <Details ServiceId="80" MessageId="30" Timestamp="1/24/2026 3:29:13 PM" Debug="false">
    <Text>HmiConvert: Finished conversion section.</Text>
  </Details>
  <MessageCell ServiceId="80" MessageId="30" MessageClass="Information" Timestamp="1/24/2026 3:29:16 PM">
    <Number ServiceNumber="80" MessageNumber="30" />
    <Text FeedbackText="The cross-reference information is being converted." />
    <Help HelpId="-1" />
  </MessageCell>
  <MessageCell ServiceId="80" MessageId="30" MessageClass="Information" Timestamp="1/24/2026 3:29:18 PM">
    <Number ServiceNumber="80" MessageNumber="30" />
    <Text FeedbackText="The cross-reference information was created successfully." />
    <Help HelpId="-1" />
  </MessageCell>
  <MessageCell ServiceId="80" MessageId="30" MessageClass="Information" Timestamp="1/24/2026 3:29:18 PM">
    <Number ServiceNumber="80" MessageNumber="30" />
    <Text FeedbackText="Conversion of the cross-reference information is finished." />
    <Help HelpId="-1" />
  </MessageCell>
  <Details ServiceId="80" MessageId="30" Timestamp="1/24/2026 3:29:20 PM" Debug="false">
    <Text>Package container 'Siemens.Simatic.Hmi.SWF.IL.Model.V16.0.0.0.Mandatory' was deleted</Text>
  </Details>
  <Details ServiceId="80" MessageId="30" Timestamp="1/24/2026 3:29:20 PM" Debug="false">
    <Text>Package container 'Siemens.Simatic.Lang.S7BSW.V17.0.0.0.NonMandatory' was deleted</Text>
  </Details>
  <Details ServiceId="80" MessageId="30" Timestamp="1/24/2026 3:29:20 PM" Debug="false">
    <Text>Package container 'HW.S71200.CPU.V4.CPU_1214C.MDD_6ES7214-1AG40-0XB0_4.5_17.0.0' was deleted</Text>
  </Details>
  <Details ServiceId="80" MessageId="30" Timestamp="1/24/2026 3:29:20 PM" Debug="false">
    <Text>Product version 'Siemens.Simatic.Portal:18.00.01.00' was deleted</Text>
  </Details>
  <MessageCell ServiceId="80" MessageId="30" MessageClass="Information" Timestamp="1/24/2026 3:29:20 PM">
    <Number ServiceNumber="80" MessageNumber="30" />
    <Text FeedbackText="Project upgraded to Version: 2100.0.121.1." />
    <Help HelpId="-1" />
  </MessageCell>
  <MessageCell ServiceId="Automation-ObjectFrame-Feedbacks" MessageId="ConversionInfoTabProjectSucceeded" MessageClass="Success" Timestamp="1/24/2026 3:29:20 PM">
    <Number ServiceNumber="80" MessageNumber="34" />
    <Text FeedbackText="Project 'C:\Users\admin\Desktop\CPU1212TrainingKit\System\PEData.plf' was successfully upgraded and saved as project 'C:\Users\admin\Desktop\CPU1212TrainingKit_V21\System\PEData.plf'." />
    <Help HelpId="-1" HelpFile="" />
  </MessageCell>
  <MessageCell ServiceId="80" MessageId="30" MessageClass="Information" Timestamp="1/24/2026 3:29:21 PM">
    <Number ServiceNumber="80" MessageNumber="30" />
    <Text FeedbackText="FinalCheckRemainingErrors" />
    <Help HelpId="-1" />
  </MessageCell>
  <Details ServiceId="80" MessageId="30" Timestamp="1/24/2026 3:29:21 PM" Debug="false">
    <Text>No error is detected.</Text>
  </Details>
</LogFile>