{"$type":"List`1","$values":[{"$id":"1","$type":"ProjectOptionEntry","key":"NetworkCollapsed","context":"{2232342-1742}","value":false},{"$id":"2","$type":"ProjectOptionEntry","key":"NetworkCollapsed","context":"{2232342-8248}","value":false},{"$id":"3","$type":"ProjectOptionEntry","key":"NetworkCollapsed","context":"{2232342-8259}","value":false},{"$id":"4","$type":"ProjectOptionEntry","key":"NetworkCollapsed","context":"{2232342-13031}","value":false},{"$id":"5","$type":"ProjectOptionEntry","key":"RestoreNetworkStates","context":"{2232321-1734}","value":true},{"$id":"6","$type":"ProjectOptionEntry","key":"NetworkCollapsed","context":"{2232342-14476}","value":false},{"$id":"7","$type":"ProjectOptionEntry","key":"RestoreNetworkStates","context":"{2232321-14469}","value":true},{"$id":"8","$type":"ProjectOptionEntry","key":"NetworkCollapsed","context":"{2232342-14477}","value":false},{"$id":"9","$type":"ProjectOptionEntry","key":"LastSelection@Siemens.Simatic.PlcLanguages.PLFrame.BasicLanguageEditor","context":"{2232321-14469}","value":{"$id":"10","$type":"SessionState","NetworkStates":{"$id":"11","$type":"Dictionary`2","2":5},"FocusedComponent":4,"ComponentUndoState":{"$id":"12","$type":"SessionDataUndo","CaretPositionRC":"0, 2"}}},{"$id":"13","$type":"ProjectOptionEntry","key":"LastSelection@Siemens.Simatic.PlcLanguages.SCLEditor.SCLEditorView","context":"{2232321-7124}","value":{"$id":"14","$type":"SessionDataUndo","CaretPositionRC":"0, 0"}},{"$id":"15","$type":"ProjectOptionEntry","key":"LastSelection@Siemens.Simatic.PlcLanguages.PLFrame.BasicLanguageEditor","context":"{2232321-1734}","value":{"$id":"16","$type":"SessionState","NetworkStates":{"$id":"17","$type":"Dictionary`2","4":5},"FocusedComponent":4,"ComponentUndoState":{"$id":"18","$type":"FLGViewSessionState","SelectedElements":{"$type":"String[]","$values":["<?xml version=\"1.0\" encoding=\"utf-16\"?><ConnectionElement UId=\"48\" Label=\"false\" />"]},"RelevantSettings":null}}},{"$id":"19","$type":"ProjectOptionEntry","key":"NetworkCollapsed","context":"{2232342-14489}","value":false}]}